code,name,sector,turnover,days,start,S,R,width,trips,touches_u,touches_l,period_m,cv,close,pos,last_zone,base
7011,三菱重工業,機械,664.24,250,2025-09-30,3673.95,4892.0,33.15,2.0,2,3,3.64,5.14,3669.0,-0.41,L,2026-10-09
8001,伊藤忠商事,卸売業,323.33,250,2025-09-30,1713.31,2231.88,30.27,1.5,2,2,6.92,4.4,2155.0,85.18,U,2026-10-09
5401,日本製鉄,鉄鋼,266.78,610,2024-04-10,549.27,691.31,25.86,3.0,4,3,8.9,2.63,629.4,56.41,U,2026-10-09
7267,本田技研工業,輸送用機器,266.37,490,2024-10-04,1283.5,1692.0,31.83,3.0,4,3,6.73,3.92,1726.5,108.45,U,2026-10-09
9434,ソフトバンク,情報・通信業,186.53,250,2025-09-30,209.72,241.21,15.01,1.5,2,2,6.35,3.97,242.0,102.51,U,2026-10-09
6594,ニデック,電気機器,184.25,490,2024-10-04,2019.62,2985.32,47.82,2.5,3,3,9.16,5.37,2010.0,-1.0,L,2026-10-09
3382,セブン＆アイ・ホールディングス,小売業,181.36,370,2025-04-04,1878.5,2280.95,21.42,3.0,3,4,5.71,3.31,1991.5,28.08,L,2026-10-09
4901,富士フイルムホールディングス,化学,164.72,250,2025-09-30,2971.1,3677.4,23.77,1.5,2,2,6.83,4.34,3427.0,64.55,L,2026-10-09
7751,キヤノン,電気機器,161.5,610,2024-04-10,4132.25,5071.1,22.72,2.0,2,3,11.02,3.05,4708.0,61.33,L,2026-10-09
6526,ソシオネクスト,電気機器,153.55,250,2025-09-30,1812.62,2892.05,59.55,1.5,2,2,6.38,4.35,2109.5,27.5,L,2026-10-09
2502,アサヒグループホールディングス,食料品,113.95,250,2025-09-30,1511.12,1776.05,17.53,1.5,2,2,7.75,2.94,1580.0,26.0,L,2026-10-09
4452,花王,化学,112.47,610,2024-04-10,2996.4,3513.78,17.27,3.5,4,4,7.63,3.02,3557.0,108.35,U,2026-10-09
9843,ニトリホールディングス,小売業,108.32,370,2025-04-04,2367.57,3332.95,40.77,2.0,3,2,7.83,4.29,3176.0,83.74,U,2026-10-09
9503,関西電力,電気・ガス業,106.53,250,2025-09-30,2253.62,2904.38,28.88,1.5,2,2,7.08,3.86,2650.0,60.91,U,2026-10-09
8729,ソニーフィナンシャルグループ,保険業,95.28,250,2025-09-30,139.79,166.61,19.18,3.0,4,3,3.16,4.65,149.2,35.09,U,2026-10-09
1928,積水ハウス,建設業,87.21,490,2024-10-04,3145.25,3748.2,19.17,2.0,3,2,10.45,4.52,3349.0,33.79,U,2026-10-09
7911,ＴＯＰＰＡＮホールディングス,その他製品,81.43,250,2025-09-30,1884.4,2659.32,41.12,2.5,3,3,3.33,4.6,2367.0,62.28,U,2026-10-09
7261,マツダ,輸送用機器,80.9,250,2025-09-30,1035.9,1306.35,26.11,2.0,2,3,5.45,4.49,1085.0,18.15,L,2026-10-09
4751,サイバーエージェント,サービス業,70.66,250,2025-09-30,1237.0,1624.95,31.36,1.5,2,2,6.63,5.88,1253.5,4.25,L,2026-10-09
9202,ＡＮＡホールディングス,空運業,69.94,370,2025-04-04,2716.72,3175.95,16.9,1.5,2,2,9.62,2.98,2915.5,43.28,U,2026-10-09
9201,日本航空,空運業,69.75,370,2025-04-04,2522.35,3158.0,25.2,1.5,2,2,9.62,4.37,3027.0,79.39,U,2026-10-09
4523,エーザイ,医薬品,66.04,490,2024-10-04,3860.05,5166.3,33.84,2.0,3,2,10.5,3.7,4603.0,56.88,U,2026-10-09
8593,三菱ＨＣキャピタル,その他金融業,61.65,250,2025-09-30,1201.45,1483.88,23.51,1.5,2,2,6.1,2.93,1304.5,36.49,U,2026-10-09
6841,横河電機,電気機器,60.18,250,2025-09-30,4483.25,5762.25,28.53,3.0,3,4,3.59,4.47,4621.0,10.77,L,2026-10-09
1878,大東建託,不動産業,54.09,610,2024-04-10,2967.8,3600.0,21.3,2.5,3,3,10.29,3.02,3147.0,28.35,L,2026-10-09
6141,ＤＭＧ森精機,機械,52.72,490,2024-10-04,2387.18,3635.85,52.31,2.5,3,3,6.91,5.44,2781.0,31.54,U,2026-10-09
8113,ユニ・チャーム,化学,47.94,250,2025-09-30,893.0,1027.12,15.02,2.5,3,3,4.38,2.29,957.6,48.16,L,2026-10-09
2587,サントリービバレッジ＆フード,食料品,47.8,370,2025-04-04,4295.85,4994.05,16.25,2.5,3,3,6.21,3.52,4671.0,53.73,L,2026-10-09
9042,阪急阪神ホールディングス,陸運業,47.46,610,2024-04-10,3840.0,4719.55,22.9,2.5,3,3,8.19,5.8,4571.0,83.11,U,2026-10-09
2875,東洋水産,食料品,46.28,250,2025-09-30,9838.85,11886.75,20.81,2.0,2,3,4.67,3.53,10150.0,15.19,L,2026-10-09
4612,日本ペイントホールディングス,化学,45.47,610,2024-04-10,919.89,1224.78,33.14,5.5,6,6,4.8,5.55,1243.0,105.98,U,2026-10-09
5110,住友ゴム工業,ゴム製品,45.32,250,2025-09-30,1813.05,2654.8,46.43,2.0,2,3,5.45,5.45,2019.0,24.47,L,2026-10-09
9506,東北電力,電気・ガス業,44.83,370,2025-04-04,990.63,1328.38,34.09,1.5,2,2,10.54,5.33,1278.5,85.23,U,2026-10-09
4324,電通グループ,サービス業,43.09,370,2025-04-04,2770.45,3622.55,30.76,1.5,2,2,9.84,4.31,3596.0,96.88,U,2026-10-09
7701,島津製作所,精密機器,42.02,490,2024-10-04,3410.25,4515.65,32.41,2.0,3,2,10.29,5.61,4325.0,82.75,U,2026-10-09
9005,東急,陸運業,41.03,610,2024-04-10,1640.95,1910.78,16.44,4.5,5,5,5.98,3.54,1577.5,-23.52,L,2026-10-09
7752,リコー,電気機器,40.84,490,2024-10-04,1308.62,1750.0,33.73,2.0,3,2,10.5,4.32,1725.0,94.34,U,2026-10-09
3778,さくらインターネット,情報・通信業,40.73,250,2025-09-30,2700.6,3835.5,42.02,1.5,2,2,5.49,3.88,3775.0,94.67,U,2026-10-09
3003,ヒューリック,不動産業,40.47,250,2025-09-30,1577.35,1980.6,25.57,2.0,2,3,5.86,4.46,1670.0,22.98,L,2026-10-09
7211,三菱自動車工業,輸送用機器,40.18,250,2025-09-30,310.72,414.66,33.45,2.0,3,2,4.6,5.6,354.0,41.64,U,2026-10-09
4204,積水化学工業,化学,39.52,490,2024-10-04,2291.68,2876.92,25.54,2.5,3,3,8.36,4.48,2524.0,39.7,U,2026-10-09
2897,日清食品ホールディングス,食料品,39.13,370,2025-04-04,2672.5,3236.7,21.11,2.5,3,3,6.1,3.52,2939.0,47.24,L,2026-10-09
5938,ＬＩＸＩＬ,金属製品,36.96,610,2024-04-10,1614.72,1916.92,18.72,4.0,4,5,7.01,3.29,1684.0,22.92,L,2026-10-09
3197,すかいらーくホールディングス,小売業,36.51,370,2025-04-04,2763.0,3546.7,28.36,1.5,2,2,10.7,4.58,3300.0,68.52,U,2026-10-09
4151,協和キリン,医薬品,35.47,490,2024-10-04,2149.18,2657.0,23.63,3.5,4,4,6.39,3.4,2222.5,14.44,L,2026-10-09
2871,ニチレイ,食料品,34.31,610,2024-04-10,1727.4,2203.5,27.56,2.5,3,3,9.64,3.83,2099.5,78.16,U,2026-10-09
7731,ニコン,精密機器,34.25,250,2025-09-30,1723.62,2227.77,29.25,2.0,2,3,4.81,4.14,1874.0,29.83,L,2026-10-09
4091,日本酸素ホールディングス,化学,32.91,370,2025-04-04,4601.35,6138.2,33.4,1.5,2,2,6.83,5.23,5490.0,57.82,U,2026-10-09
3405,クラレ,化学,32.74,370,2025-04-04,1563.62,1871.92,19.72,2.5,3,3,5.98,4.44,1835.0,88.02,U,2026-10-09
7951,ヤマハ,その他製品,30.25,490,2024-10-04,986.76,1283.6,30.08,3.0,4,3,6.87,5.58,1203.5,73.02,U,2026-10-09
4902,コニカミノルタ,電気機器,30.11,610,2024-04-10,414.87,690.86,66.52,1.5,2,2,11.56,4.78,639.2,81.28,U,2026-10-09
9142,九州旅客鉄道,陸運業,27.85,610,2024-04-10,3402.25,4128.2,21.34,3.0,3,4,8.16,2.52,3327.0,-10.37,L,2026-10-09
2181,パーソルホールディングス,サービス業,27.24,610,2024-04-10,222.6,292.42,31.37,2.5,3,3,10.69,4.41,285.2,89.66,U,2026-10-09
5021,コスモエネルギーホールディングス,石油・石炭製品,26.76,250,2025-09-30,3502.45,4664.0,33.16,1.5,2,2,7.17,3.53,4020.0,44.56,U,2026-10-09
3769,ＧＭＯペイメントゲートウェイ,情報・通信業,26.76,610,2024-04-10,7423.25,9879.65,33.09,2.5,3,3,10.25,3.44,8922.0,61.01,U,2026-10-09
4722,フューチャー,情報・通信業,25.64,370,2025-04-04,1535.9,2446.0,59.26,1.5,2,2,10.0,4.09,2427.0,97.91,U,2026-10-09
9007,小田急電鉄,陸運業,25.19,610,2024-04-10,1450.9,1786.82,23.15,2.0,3,2,6.95,3.91,1722.5,80.85,U,2026-10-09
2212,山崎製パン,食料品,23.9,370,2025-04-04,3072.8,3664.55,19.26,3.5,4,4,4.35,5.14,3703.0,106.5,U,2026-10-09
4666,パーク２４,不動産業,22.95,490,2024-10-04,1773.22,2199.78,24.06,4.0,4,5,5.73,2.29,1743.0,-7.09,L,2026-10-09
4812,電通総研,情報・通信業,22.47,370,2025-04-04,1930.0,2859.0,48.13,1.5,2,2,9.65,2.68,2868.0,100.97,U,2026-10-09
9143,ＳＧホールディングス,陸運業,22.16,610,2024-04-10,1426.45,1658.28,16.25,4.5,5,5,6.19,5.83,1443.5,7.35,L,2026-10-09
6465,ホシザキ,機械,21.5,490,2024-10-04,4992.8,6273.2,25.64,3.0,3,4,4.24,2.74,5267.0,21.42,L,2026-10-09
5233,太平洋セメント,ガラス・土石製品,21.36,490,2024-10-04,3420.65,4365.05,27.61,3.5,4,4,5.27,5.05,4142.0,76.38,U,2026-10-09
4912,ライオン,化学,21.26,490,2024-10-04,1494.25,1857.5,24.31,3.5,4,4,5.99,3.41,1768.5,75.5,U,2026-10-09
3046,ジンズホールディングス,小売業,19.81,250,2025-09-30,5084.5,8501.0,67.19,1.5,2,2,7.11,4.28,5680.0,17.43,L,2026-10-09
9504,中国電力,電気・ガス業,19.77,250,2025-09-30,864.81,1075.88,24.41,1.5,2,2,7.11,0.63,1010.5,69.03,U,2026-10-09
9401,ＴＢＳホールディングス,情報・通信業,19.14,250,2025-09-30,5333.0,6317.75,18.47,1.5,2,2,5.4,3.84,5980.0,65.7,U,2026-10-09
2809,キユーピー,食料品,18.19,250,2025-09-30,3978.4,4705.6,18.28,1.5,2,2,5.94,2.38,4280.0,41.47,U,2026-10-09
4540,ツムラ,医薬品,18.02,370,2025-04-04,3417.45,4198.75,22.86,2.0,3,2,7.64,3.83,3772.0,45.38,U,2026-10-09
4922,コーセーホールディングス,化学,17.5,370,2025-04-04,5119.0,6087.65,18.92,2.5,3,3,6.97,3.2,5514.0,40.78,L,2026-10-09
2670,エービーシー・マート,小売業,17.29,370,2025-04-04,2512.95,3020.0,20.18,3.0,3,4,4.87,4.86,2852.5,66.97,L,2026-10-09
9048,名古屋鉄道,陸運業,17.16,490,2024-10-04,1616.22,1894.1,17.19,2.5,3,3,6.13,4.04,1846.0,82.69,U,2026-10-09
4202,ダイセル,化学,17.01,490,2024-10-04,1184.0,1488.78,25.74,2.0,3,2,9.57,4.86,1458.0,89.9,U,2026-10-09
9008,京王電鉄,陸運業,16.88,610,2024-04-10,690.89,815.91,18.1,4.0,5,4,6.6,4.24,747.7,45.44,U,2026-10-09
9449,ＧＭＯインターネットグループ,情報・通信業,15.98,370,2025-04-04,2869.88,4095.95,42.72,1.5,2,2,9.75,3.2,3994.0,91.68,U,2026-10-09
2331,ＡＬＳＯＫ,サービス業,15.16,370,2025-04-04,1010.9,1250.78,23.73,1.5,2,2,10.13,2.92,1165.0,64.24,U,2026-10-09
8698,マネックスグループ,証券、商品先物取引業,14.7,250,2025-09-30,635.45,794.55,25.04,1.5,2,2,7.87,4.69,675.0,24.86,L,2026-10-09
7459,メディパルホールディングス,卸売業,14.6,250,2025-09-30,2531.68,2997.05,18.38,1.5,2,2,6.32,1.79,2953.5,90.64,U,2026-10-09
3048,ビックカメラ,小売業,14.57,610,2024-04-10,1486.17,1780.5,19.8,4.5,5,5,4.44,4.46,1653.0,56.68,U,2026-10-09
9744,メイテックグループホールディングス,サービス業,14.2,610,2024-04-10,2866.72,3515.1,22.62,3.5,4,4,7.62,4.48,3265.0,61.43,U,2026-10-09
7988,ニフコ,化学,13.78,250,2025-09-30,2155.18,2589.65,20.16,1.5,2,2,5.81,3.69,2495.5,78.33,U,2026-10-09
2593,伊藤園,食料品,12.75,250,2025-09-30,2806.0,3288.3,17.19,2.0,3,2,5.36,3.61,3136.0,68.42,U,2026-10-09
1414,ショーボンドホールディングス,建設業,12.71,610,2024-04-10,1183.34,1502.92,27.01,2.5,3,3,9.75,4.49,1212.0,8.97,L,2026-10-09
4023,クレハ,化学,12.24,250,2025-09-30,3705.0,4682.75,26.39,2.0,2,3,5.81,4.31,3890.0,18.92,L,2026-10-09
9044,ＮＡＮＫＡＩ,陸運業,12.08,250,2025-09-30,2718.82,3185.55,17.17,2.5,3,3,4.23,3.85,3063.0,73.74,U,2026-10-09
5947,リンナイ,金属製品,12.08,610,2024-04-10,3181.45,4035.2,26.84,3.0,3,4,8.05,5.64,3351.0,19.86,L,2026-10-09
6436,アマノ,機械,11.21,610,2024-04-10,3621.45,4413.55,21.87,3.0,3,4,7.52,3.54,3813.0,24.18,L,2026-10-09
4206,アイカ工業,化学,11.17,370,2025-04-04,3349.1,4174.65,24.65,1.5,2,2,10.35,4.43,4330.0,118.82,U,2026-10-09
2784,アルフレッサ　ホールディングス,卸売業,11.06,610,2024-04-10,1968.45,2536.15,28.84,2.5,3,3,7.16,4.57,2230.0,46.07,U,2026-10-09
9533,東邦瓦斯,電気・ガス業,10.46,250,2025-09-30,1112.34,1363.88,22.61,2.5,3,3,4.44,4.08,1196.5,33.46,U,2026-10-09
7616,コロワイド,小売業,10.43,610,2024-04-10,1671.5,2083.05,24.62,3.0,4,3,8.79,3.71,2044.0,90.51,U,2026-10-09
2327,日鉄ソリューションズ,情報・通信業,10.41,490,2024-10-04,3430.25,4398.1,28.22,2.0,2,3,7.71,4.22,3940.0,52.67,L,2026-10-09
9505,北陸電力,電気・ガス業,10.31,250,2025-09-30,845.75,1109.83,31.22,1.5,2,2,7.11,2.55,1074.0,86.43,U,2026-10-09
3993,ＰＫＳＨＡ　Ｔｅｃｈｎｏｌｏｇｙ,情報・通信業,10.06,490,2024-10-04,2738.7,4007.75,46.34,1.5,2,2,9.97,3.59,3500.0,59.99,L,2026-10-09
9045,京阪ホールディングス,陸運業,9.67,490,2024-10-04,2997.68,3492.2,16.5,6.0,6,7,3.54,3.74,3165.0,33.84,L,2026-10-09
4887,サワイグループホールディングス,医薬品,9.41,490,2024-10-04,1619.5,2370.55,46.38,1.5,2,2,10.63,4.19,1629.5,1.33,L,2026-10-09
8570,イオンフィナンシャルサービス,その他金融業,9.39,250,2025-09-30,1460.22,1767.1,21.02,2.0,2,3,5.79,3.08,1460.5,0.09,L,2026-10-09
2229,カルビー,食料品,8.99,490,2024-10-04,2721.12,3256.1,19.66,2.5,3,3,8.5,3.82,3069.0,65.03,L,2026-10-09
2201,森永製菓,食料品,8.32,610,2024-04-10,2371.53,2858.65,20.54,3.0,3,4,9.22,2.19,2384.0,2.56,L,2026-10-09
7984,コクヨ,その他製品,8.22,250,2025-09-30,800.04,930.77,16.34,2.0,3,2,4.12,2.63,853.2,40.66,U,2026-10-09
6104,芝浦機械,機械,7.99,250,2025-09-30,3880.0,4818.25,24.18,3.5,4,4,3.12,4.38,4925.0,111.38,U,2026-10-09
6807,日本航空電子工業,電気機器,7.37,610,2024-04-10,2288.45,2818.65,23.17,4.5,5,5,6.4,5.18,2933.0,121.57,U,2026-10-09
2353,日本駐車場開発,不動産業,6.45,250,2025-09-30,244.45,284.0,16.18,1.5,2,2,4.35,2.92,256.0,29.2,L,2026-10-09
9743,丹青社,サービス業,6.3,250,2025-09-30,1326.0,1603.65,20.94,2.0,2,3,5.79,3.85,1390.0,23.05,L,2026-10-09
7458,第一興商,卸売業,6.15,610,2024-04-10,1574.95,1879.5,19.34,3.0,4,3,8.87,4.38,1713.5,45.49,U,2026-10-09
3360,シップヘルスケアホールディングス,卸売業,6.14,610,2024-04-10,1924.3,2645.82,37.5,2.5,3,3,10.65,5.86,2458.5,74.04,U,2026-10-09
2124,ジェイエイシーリクルートメント,サービス業,6.06,370,2025-04-04,827.45,1107.1,33.8,1.5,2,2,10.54,5.6,1076.0,88.88,U,2026-10-09
6331,三菱化工機,機械,6.01,250,2025-09-30,2915.8,3835.5,31.54,2.0,2,3,4.79,4.31,2918.0,0.24,L,2026-10-09
2695,くら寿司,小売業,5.84,370,2025-04-04,1552.22,1966.62,26.7,2.0,2,3,6.24,5.8,1674.0,29.39,L,2026-10-09
6810,マクセル,電気機器,5.83,250,2025-09-30,1935.4,2570.55,32.82,1.5,2,2,6.44,4.27,2571.0,100.07,U,2026-10-09
8273,イズミ,小売業,5.73,490,2024-10-04,939.45,1112.73,18.45,2.5,3,3,9.1,4.47,935.0,-2.57,L,2026-10-09
9336,大栄環境,サービス業,5.63,250,2025-09-30,3479.5,4157.75,19.49,2.0,2,3,4.86,4.27,3710.0,33.98,L,2026-10-09
1952,新日本空調,建設業,5.56,250,2025-09-30,2976.15,3858.25,29.64,2.0,2,3,4.79,5.4,3030.0,6.1,L,2026-10-09
6196,ストライクグループ,サービス業,5.5,250,2025-09-30,1221.35,1452.4,18.92,2.0,3,2,5.31,2.4,1418.0,85.11,U,2026-10-09
6727,ワコム,電気機器,5.42,250,2025-09-30,745.45,876.1,17.53,3.0,4,3,3.51,3.24,861.0,88.44,U,2026-10-09
7296,エフ・シー・シー,輸送用機器,5.35,250,2025-09-30,3120.0,4177.75,33.9,1.5,2,2,6.54,4.34,4135.0,95.96,U,2026-10-09
7947,エフピコ,化学,5.18,610,2024-04-10,2354.45,2925.0,24.23,3.0,4,3,9.16,5.42,2799.0,77.92,U,2026-10-09
5482,愛知製鋼,鉄鋼,5.16,250,2025-09-30,2630.3,3351.0,27.4,1.5,2,2,6.35,1.99,2838.0,28.82,U,2026-10-09
4928,ノエビアホールディングス,化学,5.11,370,2025-04-04,4168.5,4820.0,15.63,2.5,3,3,6.08,3.79,4525.0,54.72,U,2026-10-09
2815,アリアケジャパン,食料品,4.93,250,2025-09-30,5024.5,5890.0,17.23,1.5,2,2,5.11,1.69,5160.0,15.66,L,2026-10-09
4521,科研製薬,医薬品,4.89,490,2024-10-04,3685.0,4508.05,22.34,2.0,2,3,9.55,4.88,3705.0,2.43,L,2026-10-09
7606,ユナイテッドアローズ,小売業,4.86,490,2024-10-04,2012.35,2673.75,32.87,1.5,2,2,9.87,4.59,2413.0,60.58,U,2026-10-09
9010,富士急行,陸運業,4.8,490,2024-10-04,2008.9,2697.3,34.27,2.0,3,2,9.83,2.27,2694.0,99.52,U,2026-10-09
7172,ジャパンインベストメントアドバイザー,証券、商品先物取引業,4.79,250,2025-09-30,1878.7,2226.4,18.51,1.5,2,2,4.44,5.67,2149.0,77.74,U,2026-10-09
7242,カヤバ,輸送用機器,4.77,250,2025-09-30,1289.08,1621.08,25.75,1.5,2,2,6.73,4.01,1562.0,82.2,U,2026-10-09
6588,東芝テック,電気機器,4.73,250,2025-09-30,2699.45,3220.0,19.28,3.5,4,4,3.06,3.57,2936.0,45.44,L,2026-10-09
417A,ブルーゾーンホールディングス,小売業,4.68,610,2024-04-10,1679.49,1966.67,17.1,3.5,4,4,7.93,3.77,1839.5,55.72,U,2026-10-09
7864,フジシールインターナショナル,その他製品,4.59,250,2025-09-30,2555.8,3340.0,30.68,1.5,2,2,6.13,3.72,3500.0,120.4,U,2026-10-09
9605,東映,情報・通信業,4.58,490,2024-10-04,4810.0,6100.0,26.82,2.5,3,3,6.69,5.12,5810.0,77.52,U,2026-10-09
9832,オートバックスセブン,卸売業,4.4,370,2025-04-04,1441.45,1673.1,16.07,2.0,2,3,8.79,4.48,1497.0,23.98,L,2026-10-09
4041,日本曹達,化学,4.34,250,2025-09-30,3387.25,4015.5,18.55,1.5,2,2,6.32,1.27,3685.0,47.39,U,2026-10-09
4290,プレステージ・インターナショナル,サービス業,4.33,610,2024-04-10,618.45,734.0,18.68,6.0,7,6,4.44,2.64,678.0,51.54,U,2026-10-09
8057,内田洋行,卸売業,4.31,250,2025-09-30,1957.0,2285.1,16.77,3.0,4,3,3.17,3.47,2320.0,110.64,U,2026-10-09
8923,トーセイ,不動産業,4.28,250,2025-09-30,1552.35,1816.1,16.99,1.5,2,2,5.68,2.97,1655.0,38.92,U,2026-10-09
3245,ディア・ライフ,不動産業,4.25,250,2025-09-30,976.0,1166.55,19.52,1.5,2,2,7.59,2.24,933.0,-22.57,L,2026-10-09
6995,東海理化電機製作所,輸送用機器,4.22,250,2025-09-30,2664.9,3300.0,23.83,1.5,2,2,6.22,3.52,3025.0,56.7,U,2026-10-09
7199,プレミアグループ,その他金融業,4.11,610,2024-04-10,1785.45,2528.55,41.62,2.0,2,3,8.86,3.89,2161.0,50.54,L,2026-10-09
7283,愛三工業,輸送用機器,4.09,370,2025-04-04,1699.8,2317.75,36.35,1.5,2,2,9.68,4.06,2201.0,81.11,U,2026-10-09
6183,ベルシステム２４ホールディングス,サービス業,4.07,250,2025-09-30,1286.0,1482.55,15.28,2.0,2,3,5.71,3.77,1268.0,-9.16,L,2026-10-09
6332,月島ホールディングス,機械,4.01,250,2025-09-30,2498.25,3290.5,31.71,2.0,2,3,3.55,4.79,2501.0,0.35,L,2026-10-09
6750,エレコム,電気機器,3.85,370,2025-04-04,1616.45,2010.1,24.35,1.5,2,2,10.19,2.65,1978.0,91.85,U,2026-10-09
9757,船井総研ホールディングス,サービス業,3.71,490,2024-10-04,1073.45,1275.78,18.85,1.5,2,2,10.13,2.24,1185.0,55.13,L,2026-10-09
5451,ヨドコウ,鉄鋼,3.64,250,2025-09-30,1233.95,1520.1,23.19,1.5,2,2,6.6,5.2,1394.0,55.93,U,2026-10-09
5851,リョービ,非鉄金属,3.61,250,2025-09-30,2486.0,2904.95,16.85,3.0,4,3,3.32,3.13,2666.0,42.96,U,2026-10-09
5889,Ｊａｐａｎ　Ｅｙｅｗｅａｒ　Ｈｏｌｄｉｎｇｓ,小売業,3.59,370,2025-04-04,1927.8,2537.1,31.61,2.5,3,3,5.52,5.89,2134.0,33.84,U,2026-10-09
4996,クミアイ化学工業,化学,3.56,610,2024-04-10,685.45,839.55,22.48,4.5,5,5,5.56,4.28,657.0,-18.46,L,2026-10-09
7734,理研計器,精密機器,3.54,250,2025-09-30,3082.25,3720.0,20.69,3.5,4,4,3.24,2.86,3650.0,89.02,U,2026-10-09
7476,アズワン,卸売業,3.53,370,2025-04-04,2124.85,2574.32,21.15,1.5,2,2,9.94,4.85,2495.0,82.35,U,2026-10-09
9948,アークス,小売業,3.48,250,2025-09-30,3135.0,3832.75,22.26,1.5,2,2,6.35,2.54,3505.0,53.03,U,2026-10-09
3034,クオールホールディングス,小売業,3.45,370,2025-04-04,1790.9,2390.1,33.46,2.5,3,3,6.27,4.85,2348.0,92.97,U,2026-10-09
6844,新電元工業,電気機器,3.3,250,2025-09-30,2996.0,3985.0,33.01,3.0,3,4,3.35,3.26,3020.0,2.43,L,2026-10-09
8214,ＡＯＫＩホールディングス,小売業,3.26,250,2025-09-30,1573.35,1846.55,17.36,1.5,2,2,6.76,3.89,1699.0,45.99,U,2026-10-09
8706,極東証券,証券、商品先物取引業,3.26,250,2025-09-30,1519.9,1899.55,24.98,1.5,2,2,6.38,2.35,1735.0,56.66,U,2026-10-09
7241,フタバ産業,輸送用機器,3.25,250,2025-09-30,943.45,1126.1,19.36,1.5,2,2,6.73,1.42,1045.0,55.6,U,2026-10-09
3093,トレジャー・ファクトリー,小売業,3.2,370,2025-04-04,1644.0,2138.55,30.08,2.5,3,3,5.5,4.83,1928.0,57.43,U,2026-10-09
2154,オープンアップグループ,サービス業,3.19,490,2024-10-04,1698.9,2022.1,19.02,3.0,4,3,6.76,5.83,1989.0,89.76,U,2026-10-09
8125,ワキタ,卸売業,3.17,370,2025-04-04,1653.45,2022.1,22.3,1.5,2,2,10.22,3.61,1793.0,37.85,U,2026-10-09
9997,ベルーナ,小売業,3.14,370,2025-04-04,871.45,1072.1,23.02,1.5,2,2,9.81,1.98,1015.0,71.54,U,2026-10-09
9416,ビジョン,情報・通信業,3.13,610,2024-04-10,1014.0,1347.2,32.86,5.0,5,6,4.73,3.96,1024.0,3.0,L,2026-10-09
2395,新日本科学,サービス業,3.11,490,2024-10-04,1177.25,1757.15,49.26,2.0,2,3,9.17,4.99,1443.0,45.83,L,2026-10-09
9511,沖縄電力,電気・ガス業,3.1,370,2025-04-04,886.0,1191.55,34.49,1.5,2,2,10.57,2.83,1159.0,89.35,U,2026-10-09
9699,ニシオホールディングス,サービス業,3.06,610,2024-04-10,3730.0,4665.0,25.07,2.5,3,3,10.82,4.77,3970.0,25.67,U,2026-10-09
2220,亀田製菓,食料品,3.02,610,2024-04-10,1225.0,1481.37,20.93,3.5,4,4,7.5,3.84,1278.0,20.67,L,2026-10-09
6986,双葉電子工業,電気機器,2.93,250,2025-09-30,566.0,771.85,36.37,1.5,2,2,5.84,2.14,694.0,62.18,U,2026-10-09
9692,シーイーシー,情報・通信業,2.91,490,2024-10-04,1850.9,2421.55,30.83,2.5,3,3,8.36,5.42,2270.0,73.44,U,2026-10-09
7821,前田工繊,その他製品,2.87,490,2024-10-04,1761.45,2079.55,18.06,3.5,4,4,5.97,2.77,1960.0,62.42,U,2026-10-09
3284,フージャースホールディングス,不動産業,2.87,250,2025-09-30,1158.35,1338.0,15.51,1.5,2,2,7.75,2.29,1191.0,18.17,L,2026-10-09
1766,東建コーポレーション,建設業,2.85,370,2025-04-04,12519.0,14951.0,19.43,2.0,2,3,6.19,2.94,12530.0,0.45,L,2026-10-09
590A,ギフティグループ,情報・通信業,2.84,250,2025-09-30,998.0,1336.4,33.91,2.0,2,3,5.43,3.98,1067.0,20.39,L,2026-10-09
4985,アース製薬,化学,2.83,610,2024-04-10,4552.25,5470.0,20.16,3.0,3,4,7.43,3.84,4700.0,16.1,L,2026-10-09
6277,ホソカワミクロン,機械,2.72,250,2025-09-30,4935.0,6665.5,35.07,1.5,2,2,6.73,3.04,6550.0,93.33,U,2026-10-09
4559,ゼリア新薬工業,医薬品,2.68,610,2024-04-10,1962.9,2349.55,19.7,3.0,3,4,8.38,2.13,1925.0,-9.8,L,2026-10-09
3854,アイル,情報・通信業,2.67,490,2024-10-04,2141.25,3150.0,47.11,1.5,2,2,8.41,4.48,2133.0,-0.82,L,2026-10-09
4481,ベース,情報・通信業,2.58,250,2025-09-30,2884.05,3482.75,20.76,2.0,3,2,5.14,3.24,3205.0,53.61,U,2026-10-09
8255,アクシアル　リテイリング,小売業,2.56,370,2025-04-04,1034.15,1287.55,24.5,1.5,2,2,10.16,3.53,1255.0,87.15,U,2026-10-09
7818,トランザクション,その他製品,2.46,370,2025-04-04,1049.45,1353.2,28.94,2.5,3,3,5.2,3.87,1203.0,50.55,U,2026-10-09
8771,イー・ギャランティ,その他金融業,2.42,490,2024-10-04,1475.0,1837.55,24.58,1.5,2,2,8.83,1.27,1760.0,78.61,U,2026-10-09
3636,三菱総合研究所,情報・通信業,2.32,490,2024-10-04,4305.0,5080.0,18.0,3.5,4,4,5.99,4.72,5010.0,90.97,U,2026-10-09
7593,ＶＴホールディングス,小売業,2.31,610,2024-04-10,449.0,542.1,20.73,3.0,4,3,9.06,3.26,499.0,53.71,U,2026-10-09
9869,加藤産業,卸売業,2.3,250,2025-09-30,5820.0,6855.5,17.79,1.5,2,2,6.41,1.14,6610.0,76.29,U,2026-10-09
9621,建設技術研究所,サービス業,2.27,250,2025-09-30,2697.7,3335.0,23.62,1.5,2,2,6.44,3.16,3315.0,96.86,U,2026-10-09
9902,日伝,卸売業,2.27,370,2025-04-04,2396.0,3151.0,31.51,1.5,2,2,10.22,5.32,3225.0,109.8,U,2026-10-09
5461,中部鋼鈑,鉄鋼,2.25,370,2025-04-04,1998.45,2463.75,23.28,2.0,2,3,6.36,5.97,2136.0,29.56,L,2026-10-09
6345,アイチ　コーポレーション,機械,2.25,490,2024-10-04,1215.7,1469.0,20.84,1.5,2,2,7.56,2.35,1409.0,76.31,U,2026-10-09
4765,ＳＢＩグローバルアセットマネジメント,サービス業,2.18,610,2024-04-10,577.9,696.0,20.44,1.5,2,2,7.65,1.94,608.0,25.49,L,2026-10-09
3865,北越コーポレーション,パルプ・紙,2.05,250,2025-09-30,836.0,999.1,19.51,2.5,3,3,3.37,3.17,854.0,11.04,L,2026-10-09
5445,東京鐵鋼,鉄鋼,2.04,370,2025-04-04,1794.9,2133.33,18.86,2.5,3,3,6.53,5.7,1948.0,45.24,U,2026-10-09
5949,ユニプレス,輸送用機器,2.02,250,2025-09-30,1183.45,1442.75,21.91,1.5,2,2,7.11,4.08,1259.0,29.14,U,2026-10-09
6419,マースグループホールディングス,機械,2.0,610,2024-04-10,2848.15,3702.75,30.01,2.0,2,3,5.62,3.93,3030.0,21.28,L,2026-10-09
2749,ＪＰホールディングス,サービス業,1.93,490,2024-10-04,539.45,725.0,34.4,3.0,4,3,7.54,5.74,641.0,54.73,U,2026-10-09
3179,シュッピン,小売業,1.91,610,2024-04-10,1004.0,1385.2,37.97,3.0,4,3,8.57,5.92,1137.0,34.89,U,2026-10-09
8167,リテールパートナーズ,小売業,1.91,490,2024-10-04,1238.0,1454.1,17.46,3.5,4,4,5.97,3.48,1429.0,88.39,U,2026-10-09
3302,帝国繊維,繊維製品,1.91,250,2025-09-30,2848.35,3540.0,24.28,1.5,2,2,7.21,3.52,2927.0,11.37,L,2026-10-09
2109,ＤＭ三井製糖,食料品,1.9,610,2024-04-10,3045.0,3657.75,20.12,2.5,3,3,10.69,3.79,3635.0,96.29,U,2026-10-09
7979,松風,精密機器,1.86,490,2024-10-04,1721.35,2299.0,33.56,2.0,3,2,10.29,4.99,2284.0,97.4,U,2026-10-09
1301,極洋,水産・農林業,1.86,250,2025-09-30,4304.5,5216.5,21.19,1.5,2,2,3.9,4.31,4455.0,16.5,L,2026-10-09
1379,ホクト,水産・農林業,1.86,370,2025-04-04,1789.45,2098.4,17.27,1.5,2,2,10.6,2.57,2013.0,72.36,U,2026-10-09
9470,学研ホールディングス,情報・通信業,1.83,610,2024-04-10,931.0,1095.2,17.64,3.5,4,4,8.08,3.36,1007.0,46.29,U,2026-10-09
2734,サーラコーポレーション,小売業,1.82,250,2025-09-30,995.25,1228.0,23.39,1.5,2,2,6.63,3.48,1100.0,45.01,U,2026-10-09
9755,応用地質,サービス業,1.8,490,2024-10-04,2420.25,3067.75,26.75,1.5,2,2,4.89,3.02,2723.0,46.76,U,2026-10-09
9534,北海道瓦斯,電気・ガス業,1.78,250,2025-09-30,682.0,925.0,35.63,1.5,2,2,7.11,4.02,834.0,62.55,U,2026-10-09
1762,高松コンストラクショングループ,建設業,1.76,250,2025-09-30,3367.25,4203.25,24.83,1.5,2,2,6.73,1.14,3855.0,58.34,U,2026-10-09
2301,学情,サービス業,1.75,370,2025-04-04,1556.0,1884.0,21.08,2.0,2,3,5.45,1.26,1709.0,46.65,L,2026-10-09
6459,だいわ,機械,1.74,250,2025-09-30,1553.9,1963.2,26.34,2.0,2,3,3.95,3.86,1638.0,20.55,L,2026-10-09
6418,日本金銭機械,機械,1.71,490,2024-10-04,920.45,1240.2,34.74,2.5,3,3,8.53,4.89,1257.0,105.25,U,2026-10-09
1976,明星工業,建設業,1.71,250,2025-09-30,1599.0,1937.1,21.14,2.0,2,3,5.88,2.19,1659.0,17.75,L,2026-10-09
8103,明和産業,卸売業,1.7,250,2025-09-30,786.45,997.55,26.84,1.5,2,2,6.6,0.77,986.0,94.53,U,2026-10-09
8185,チヨダ,小売業,1.67,250,2025-09-30,948.9,1122.0,18.24,1.5,2,2,4.13,3.01,989.0,23.17,L,2026-10-09
4534,持田製薬,医薬品,1.66,610,2024-04-10,2946.9,3670.0,24.54,3.0,3,4,8.35,4.95,3075.0,17.72,L,2026-10-09
8014,蝶理,卸売業,1.66,250,2025-09-30,3822.25,4500.0,17.73,1.5,2,2,6.92,5.02,4200.0,55.74,U,2026-10-09
5036,日本ビジネスシステムズ,情報・通信業,1.65,250,2025-09-30,1414.9,1814.65,28.25,2.0,2,3,4.0,0.73,1689.0,68.57,L,2026-10-09
8052,椿本興業,卸売業,1.61,250,2025-09-30,2612.35,3012.75,15.33,2.5,3,3,4.19,3.13,3100.0,121.79,U,2026-10-09
3984,ユーザーローカル,情報・通信業,1.6,490,2024-10-04,1504.25,2053.1,36.49,1.5,2,2,9.62,1.39,1524.0,3.6,L,2026-10-09
8150,三信電気,卸売業,1.59,250,2025-09-30,2693.35,3325.5,23.47,1.5,2,2,6.98,2.38,3365.0,106.25,U,2026-10-09
7421,カッパ・クリエイト,小売業,1.58,610,2024-04-10,1413.45,1748.55,23.71,1.5,2,2,10.83,5.64,1506.0,27.62,L,2026-10-09
4848,フルキャストホールディングス,サービス業,1.58,370,2025-04-04,1515.45,1855.55,22.44,1.5,2,2,10.19,3.89,1788.0,80.14,U,2026-10-09
8281,ゼビオホールディングス,小売業,1.57,610,2024-04-10,1003.0,1266.0,26.22,3.0,3,4,9.6,5.21,1081.0,29.66,L,2026-10-09
4886,あすか製薬ホールディングス,医薬品,1.55,610,2024-04-10,1966.0,2732.65,39.0,3.0,3,4,8.67,4.67,2004.0,4.96,L,2026-10-09
5142,アキレス,化学,1.52,250,2025-09-30,1168.45,1932.75,65.41,1.5,2,2,6.63,5.23,1966.0,104.35,U,2026-10-09
3679,じげん,情報・通信業,1.51,490,2024-10-04,390.45,550.2,40.91,1.5,2,2,10.48,3.49,444.0,33.52,L,2026-10-09
7949,小松ウオール工業,その他製品,1.48,250,2025-09-30,2436.45,2937.6,20.57,1.5,2,2,6.38,3.22,2710.0,54.58,U,2026-10-09
3232,三重交通グループホールディングス,不動産業,1.43,250,2025-09-30,520.0,602.0,15.77,1.5,2,2,6.92,1.77,568.0,58.54,U,2026-10-09
5408,中山製鋼所,鉄鋼,1.43,370,2025-04-04,580.9,697.65,20.1,2.5,3,3,5.35,4.7,599.0,15.5,L,2026-10-09
6333,ＴＥＩＫＯＫＵ,機械,1.41,370,2025-04-04,2788.8,3445.0,23.53,2.5,3,3,6.08,5.98,3570.0,119.05,U,2026-10-09
2429,ワールドホールディングス,サービス業,1.41,250,2025-09-30,2385.7,2856.0,19.71,2.5,3,3,3.7,3.46,2849.0,98.51,U,2026-10-09
7921,ＴＡＫＡＲＡ　＆　ＣＯＭＰＡＮＹ,その他製品,1.39,370,2025-04-04,3070.0,4552.75,48.3,1.5,2,2,9.78,2.13,4235.0,78.57,U,2026-10-09
3371,ソフトクリエイトホールディングス,情報・通信業,1.27,490,2024-10-04,1674.35,2327.75,39.02,2.0,3,2,10.57,3.24,2237.0,86.11,U,2026-10-09
7522,ワタミ,小売業,1.27,610,2024-04-10,882.45,1066.55,20.86,4.0,4,5,5.99,5.86,845.0,-20.34,L,2026-10-09
6062,チャーム・ケア・コーポレーション,サービス業,1.27,490,2024-10-04,1098.35,1411.55,28.52,2.0,3,2,7.24,3.61,1404.0,97.59,U,2026-10-09
4956,コニシ,化学,1.22,610,2024-04-10,1106.45,1470.65,32.92,2.0,3,2,10.69,3.68,1465.0,98.45,U,2026-10-09
4826,ＣＩＪ,情報・通信業,1.19,250,2025-09-30,474.45,553.65,16.69,2.5,3,3,4.04,3.11,560.0,108.02,U,2026-10-09
6564,ミダックホールディングス,サービス業,1.18,370,2025-04-04,1841.35,2253.55,22.39,3.0,3,4,5.48,3.76,1967.0,30.48,L,2026-10-09
9790,福井コンピュータホールディングス,情報・通信業,1.16,490,2024-10-04,2785.1,3420.0,22.8,2.5,3,3,5.87,4.92,3085.0,47.24,U,2026-10-09
2153,Ｅ・Ｊホールディングス,サービス業,1.12,610,2024-04-10,1513.25,1870.0,23.58,3.0,4,3,8.76,4.3,1835.0,90.19,U,2026-10-09
4251,恵和,化学,1.11,250,2025-09-30,1158.0,1357.0,17.18,2.0,2,3,5.07,3.23,1194.0,18.09,L,2026-10-09
4718,早稲田アカデミー,サービス業,1.07,370,2025-04-04,1999.35,2776.1,38.85,1.5,2,2,10.19,5.35,2440.0,56.73,U,2026-10-09
5185,フコク,ゴム製品,1.07,250,2025-09-30,1769.45,2061.55,16.51,1.5,2,2,6.57,1.38,1908.0,47.43,U,2026-10-09
7198,ＳＢＩアルヒ,その他金融業,1.04,610,2024-04-10,777.0,917.0,18.02,2.5,3,3,9.81,4.8,772.0,-3.57,L,2026-10-09
7931,未来工業,化学,1.03,490,2024-10-04,3040.0,3895.5,28.14,2.0,3,2,9.98,5.17,3545.0,59.03,U,2026-10-09
3788,ＧＭＯグローバルサイン・ホールディングス,情報・通信業,0.98,370,2025-04-04,1901.9,2388.55,25.59,3.5,4,4,5.02,5.43,2375.0,97.22,U,2026-10-09
6070,キャリアリンク,サービス業,0.96,610,2024-04-10,2116.0,2664.0,25.9,3.0,4,3,8.84,4.67,2520.0,73.72,U,2026-10-09
9658,ビジネスブレイン太田昭和,情報・通信業,0.94,250,2025-09-30,934.0,1187.58,27.15,1.5,2,2,7.59,1.37,1215.0,110.81,U,2026-10-09
4641,アルプス技研,サービス業,0.91,610,2024-04-10,783.95,950.73,21.27,3.5,4,4,6.91,5.52,870.0,51.59,L,2026-10-09
7388,ＦＰパートナー,保険業,0.89,370,2025-04-04,2028.45,2477.2,22.12,2.5,3,3,5.33,4.68,2286.0,57.39,L,2026-10-09
3657,ポールトゥウィンホールディングス,情報・通信業,0.86,370,2025-04-04,293.45,378.0,28.81,1.5,2,2,10.6,3.1,338.0,52.69,U,2026-10-09
7508,Ｇ‐７ホールディングス,小売業,0.84,610,2024-04-10,1280.9,1649.0,28.74,3.0,3,4,7.43,5.54,1373.0,25.02,L,2026-10-09
7844,マーベラス,情報・通信業,0.81,490,2024-10-04,443.9,583.0,31.34,1.5,2,2,10.16,1.56,517.0,52.55,L,2026-10-09
9628,燦ホールディングス,サービス業,0.8,250,2025-09-30,1316.45,1516.55,15.2,2.5,3,3,3.9,3.5,1325.0,4.27,L,2026-10-09
8217,オークワ,小売業,0.79,490,2024-10-04,771.0,962.1,24.79,1.5,2,2,9.05,3.74,766.0,-2.62,L,2026-10-09
9729,トーカイ,サービス業,0.78,250,2025-09-30,2170.65,2659.9,22.54,1.5,2,2,6.38,4.09,2589.0,85.51,U,2026-10-09
6630,ヤーマン,電気機器,0.78,490,2024-10-04,694.45,876.0,26.14,2.0,3,2,10.88,4.29,781.0,47.67,U,2026-10-09
7769,リズム,精密機器,0.78,490,2024-10-04,3094.0,4105.0,32.68,2.0,3,2,7.17,4.01,3765.0,66.37,U,2026-10-09
4337,ぴあ,サービス業,0.77,370,2025-04-04,2504.45,3530.0,40.95,2.0,2,3,6.48,5.69,2399.0,-10.28,L,2026-10-09
2117,ウェルネオシュガー,食料品,0.77,250,2025-09-30,2537.15,2965.65,16.89,1.5,2,2,6.38,2.13,2713.0,41.04,U,2026-10-09
2910,ロック・フィールド,食料品,0.75,250,2025-09-30,1259.8,1474.0,17.0,2.0,3,2,5.19,3.34,1355.0,44.44,U,2026-10-09
2211,不二家,食料品,0.75,490,2024-10-04,2322.45,2678.55,15.33,1.5,2,2,11.08,1.5,2499.0,49.58,L,2026-10-09
4362,日本精化,化学,0.75,250,2025-09-30,2419.35,2882.85,19.16,1.5,2,2,7.08,4.55,2805.0,83.2,U,2026-10-09
5357,ヨータイ,ガラス・土石製品,0.73,610,2024-04-10,1550.0,1877.75,21.15,2.5,3,3,4.97,4.58,1673.0,37.53,U,2026-10-09
3843,フリービット,情報・通信業,0.7,370,2025-04-04,1385.8,1719.55,24.08,1.5,2,2,10.54,3.46,1772.0,115.72,U,2026-10-09
5269,日本コンクリート工業,ガラス・土石製品,0.7,610,2024-04-10,294.45,384.0,30.41,4.0,5,4,6.8,5.58,352.0,64.27,U,2026-10-09
1433,ベステラ,建設業,0.68,250,2025-09-30,1023.45,1309.65,27.96,1.5,2,2,7.02,0.71,1206.0,63.78,U,2026-10-09
4709,ＩＤホールディングス,情報・通信業,0.67,250,2025-09-30,933.9,1112.92,19.17,2.0,3,2,3.45,4.24,1103.0,94.46,U,2026-10-09
2933,紀文食品,食料品,0.66,610,2024-04-10,1038.45,1237.3,19.15,2.5,3,3,6.69,2.51,1050.0,5.81,L,2026-10-09
2915,ケンコーマヨネーズ,食料品,0.66,610,2024-04-10,1800.45,2310.65,28.34,3.5,4,4,6.88,5.76,1985.0,36.17,L,2026-10-09
1429,日本アクア,建設業,0.65,490,2024-10-04,704.45,919.65,30.55,1.5,2,2,11.11,3.47,776.0,33.25,L,2026-10-09
6099,エラン,サービス業,0.65,250,2025-09-30,690.0,797.55,15.59,1.5,2,2,7.3,2.82,706.0,14.88,L,2026-10-09
9332,ＮＩＳＳＯホールディングス,サービス業,0.65,370,2025-04-04,576.0,704.1,22.24,2.0,3,2,8.1,2.71,657.0,63.23,U,2026-10-09
3649,ファインデックス,情報・通信業,0.64,250,2025-09-30,776.8,934.55,20.31,2.5,3,3,3.43,5.17,866.0,56.55,U,2026-10-09
9740,セントラル警備保障,サービス業,0.62,610,2024-04-10,2340.25,3055.0,30.54,3.0,4,3,8.52,5.31,2561.0,30.88,U,2026-10-09
7554,幸楽苑,小売業,0.61,490,2024-10-04,1018.0,1271.55,24.91,2.0,3,2,11.02,5.88,1180.0,63.89,U,2026-10-09
3031,ラクーンホールディングス,情報・通信業,0.59,250,2025-09-30,580.45,704.55,21.38,2.0,3,2,5.33,4.6,695.0,92.3,U,2026-10-09
9081,神奈川中央交通,陸運業,0.58,610,2024-04-10,3027.25,3985.0,31.64,2.5,3,3,10.55,3.7,3680.0,68.15,U,2026-10-09
4310,ドリームインキュベータ,サービス業,0.57,370,2025-04-04,2350.45,3015.0,28.27,3.0,3,4,5.17,5.32,2512.0,24.31,L,2026-10-09
3580,小松マテーレ,繊維製品,0.56,610,2024-04-10,704.0,871.1,23.74,2.0,2,3,11.71,4.39,695.0,-5.39,L,2026-10-09
9405,朝日放送グループホールディングス,情報・通信業,0.56,250,2025-09-30,737.45,886.65,20.23,1.5,2,2,6.16,3.66,782.0,29.86,U,2026-10-09
4053,Ｓｕｎ　Ａｓｔｅｒｉｓｋ,情報・通信業,0.55,250,2025-09-30,401.45,504.0,25.54,2.5,3,3,4.3,4.17,522.0,117.55,U,2026-10-09
6089,ウィルグループ,サービス業,0.54,250,2025-09-30,1012.45,1264.1,24.86,1.5,2,2,7.08,4.23,1126.0,45.12,U,2026-10-09
8203,ＭｒＭａｘＨＤ,小売業,0.53,250,2025-09-30,705.0,820.0,16.31,1.5,2,2,7.75,4.55,705.0,0.0,L,2026-10-09
7294,ヨロズ,輸送用機器,0.53,370,2025-04-04,842.45,1054.55,25.18,2.0,2,3,5.55,4.49,834.0,-3.98,L,2026-10-09
3180,ビューティガレージ,卸売業,0.52,490,2024-10-04,1324.0,1716.2,29.62,4.0,5,4,5.52,3.59,1674.0,89.24,U,2026-10-09
7482,シモジマ,卸売業,0.51,250,2025-09-30,1280.0,1516.55,18.48,1.5,2,2,6.63,2.57,1411.0,55.38,U,2026-10-09
2217,モロゾフ,食料品,0.49,610,2024-04-10,1416.82,1725.0,21.75,2.0,2,3,9.17,5.19,1440.0,7.52,L,2026-10-09
3109,シキボウ,繊維製品,0.49,610,2024-04-10,963.0,1121.55,16.46,3.0,4,3,9.11,5.19,1017.0,34.06,U,2026-10-09
4301,アミューズ,サービス業,0.49,250,2025-09-30,1790.0,2068.55,15.56,2.5,3,3,3.92,3.07,1838.0,17.23,L,2026-10-09
1375,ユキグニファクトリー,水産・農林業,0.48,610,2024-04-10,982.0,1179.0,20.06,2.5,3,3,10.32,4.59,1131.0,75.63,U,2026-10-09
2294,柿安本店,食料品,0.47,610,2024-04-10,2501.0,3032.75,21.26,2.5,3,3,9.56,4.22,2442.0,-11.1,L,2026-10-09
6560,エル・ティー・エス,サービス業,0.46,610,2024-04-10,1664.9,2476.35,48.74,2.5,3,3,8.59,3.74,1779.0,14.06,L,2026-10-09
6078,バリューＨＲ,サービス業,0.44,610,2024-04-10,1350.0,1821.55,34.93,2.0,2,3,10.12,3.26,1545.0,41.35,L,2026-10-09
7628,オーハシテクニカ,卸売業,0.43,250,2025-09-30,1042.45,1252.55,20.15,2.5,3,3,4.04,3.58,1119.0,36.44,U,2026-10-09
6539,ＭＳ－Ｊａｐａｎ,サービス業,0.42,610,2024-04-10,917.0,1098.55,19.8,2.5,3,3,9.31,5.21,975.0,31.95,L,2026-10-09
4792,山田コンサルティンググループ,サービス業,0.42,370,2025-04-04,1587.8,1837.0,15.69,1.5,2,2,10.86,5.47,1727.0,55.86,U,2026-10-09
2307,クロスキャット,情報・通信業,0.4,490,2024-10-04,931.0,1164.0,25.03,1.5,2,2,10.67,3.6,1072.0,60.52,L,2026-10-09
4923,コタ,化学,0.38,250,2025-09-30,1083.37,1286.76,18.77,2.5,3,3,4.69,3.2,1120.0,18.01,L,2026-10-09
2462,ライク,サービス業,0.37,370,2025-04-04,1376.45,1611.55,17.08,1.5,2,2,10.54,4.73,1489.0,47.87,U,2026-10-09
2163,アルトナー,サービス業,0.36,490,2024-10-04,883.4,1037.0,17.39,1.5,2,2,7.17,5.4,929.0,29.69,U,2026-10-09
4538,扶桑薬品工業,医薬品,0.34,370,2025-04-04,2048.25,2415.2,17.92,2.0,2,3,6.33,2.08,2113.0,17.65,L,2026-10-09
4574,大幸薬品,医薬品,0.32,490,2024-10-04,251.45,370.85,47.48,1.5,2,2,5.84,4.1,257.0,4.65,L,2026-10-09
3834,朝日ネット,情報・通信業,0.3,610,2024-04-10,604.0,708.0,17.22,2.0,2,3,11.74,3.71,582.0,-21.15,L,2026-10-09
1873,日本ハウスホールディングス,建設業,0.29,610,2024-04-10,293.0,351.0,19.8,2.5,3,3,5.49,2.93,309.0,27.59,L,2026-10-09
6151,日東工器,機械,0.29,370,2025-04-04,1614.35,1883.55,16.68,2.0,2,3,5.45,2.0,1683.0,25.5,L,2026-10-09
3183,ウイン・パートナーズ,卸売業,0.24,490,2024-10-04,1220.0,1453.1,19.11,3.0,3,4,5.97,5.09,1226.0,2.57,L,2026-10-09
7347,マーキュリアホールディングス,証券、商品先物取引業,0.08,490,2024-10-04,723.45,890.55,23.1,1.5,2,2,10.48,2.22,803.0,47.61,L,2026-10-09
