順位,コード,銘柄名,市場,業種,総合点,ファンダ点,テクニカル点,ランク,候補区分,評価可能満点,得点率,評価不能項目,時価総額_億円,予想PER,終値,出来高倍率,RSI,ファンダ内訳,テクニカル内訳,注意,継続企業,出典
1,4099,四国化成ホールディングス,プライム,化学,78,43,35,B+,検討候補,100,78.0,,2108,16.1,2349.0,0.82,51.8,年間業績の成長=10 四半期業績の成長=10 通期予想に対する進捗率=5 PER=9 PEGレシオ=9,200日線との関係=8 5日線と25日線のGC=6 5日線と25日線の乖離率=7 ローソク足・上昇力=0 出来高=0 レジスタンスライン=7 RSI(14)=7,季節性は過去の同時期と比較して確認,開示表題に該当なし（決算短信本文は未確認）,株探 決算ページ https://kabutan.jp/stock/finance?code=4099（取得 2026-10-05 08:49）。単位：百万円（EPSは円）
2,6471,日本精工,プライム,機械,77,40,37,B+,検討候補,100,77.0,,5535,18.7,1107.0,1.38,53.3,年間業績の成長=7 四半期業績の成長=10 通期予想に対する進捗率=5 PER=9 PEGレシオ=9,200日線との関係=8 5日線と25日線のGC=6 5日線と25日線の乖離率=7 ローソク足・上昇力=5 出来高=3 レジスタンスライン=1 RSI(14)=7,IFRS：経常益は税引前利益 / 季節性は過去の同時期と比較して確認,開示表題に該当なし（決算短信本文は未確認）,株探 決算ページ https://kabutan.jp/stock/finance?code=6471（取得 2026-10-05 08:45）。単位：百万円（EPSは円）
3,6407,ＣＫＤ,プライム,機械,76,37,39,B+,検討候補,100,76.0,,3891,20.2,5730.0,1.36,58.4,年間業績の成長=7 四半期業績の成長=10 通期予想に対する進捗率=5 PER=6 PEGレシオ=9,200日線との関係=8 5日線と25日線のGC=9 5日線と25日線の乖離率=5 ローソク足・上昇力=0 出来高=3 レジスタンスライン=7 RSI(14)=7,季節性は過去の同時期と比較して確認,開示表題に該当なし（決算短信本文は未確認）,株探 決算ページ https://kabutan.jp/stock/finance?code=6407（取得 2026-10-05 08:42）。単位：百万円（EPSは円）
4,4970,東洋合成工業,スタンダード,化学,76,39,37,B+,検討候補,100,76.0,,878,22.5,10780.0,0.68,51.4,年間業績の成長=7 四半期業績の成長=10 通期予想に対する進捗率=7 PER=6 PEGレシオ=9,200日線との関係=8 5日線と25日線のGC=3 5日線と25日線の乖離率=7 ローソク足・上昇力=8 出来高=0 レジスタンスライン=4 RSI(14)=7,季節性は過去の同時期と比較して確認,開示表題に該当なし（決算短信本文は未確認）,株探 決算ページ https://kabutan.jp/stock/finance?code=4970（取得 2026-10-05 08:46）。単位：百万円（EPSは円）
5,6532,ベイカレント,プライム,サービス業,74,35,39,B+,検討候補,100,74.0,,12162,24.7,8096.0,1.84,62.1,年間業績の成長=10 四半期業績の成長=7 通期予想に対する進捗率=3 PER=6 PEGレシオ=9,200日線との関係=0 5日線と25日線のGC=9 5日線と25日線の乖離率=7 ローソク足・上昇力=8 出来高=6 レジスタンスライン=4 RSI(14)=5,IFRS：経常益は税引前利益 / 季節性は過去の同時期と比較して確認,開示表題に該当なし（決算短信本文は未確認）,株探 決算ページ https://kabutan.jp/stock/finance?code=6532（取得 2026-10-05 08:42）。単位：百万円（EPSは円）
6,5803,フジクラ,プライム,非鉄金属,74,35,39,B+,検討候補,100,74.0,,99375,28.4,5598.0,1.42,61.4,年間業績の成長=10 四半期業績の成長=10 通期予想に対する進捗率=3 PER=3 PEGレシオ=9,200日線との関係=3 5日線と25日線のGC=9 5日線と25日線の乖離率=7 ローソク足・上昇力=5 出来高=3 レジスタンスライン=7 RSI(14)=5,季節性は過去の同時期と比較して確認,開示表題に該当なし（決算短信本文は未確認）,株探 決算ページ https://kabutan.jp/stock/finance?code=5803（取得 2026-10-05 08:42）。単位：百万円（EPSは円）
7,4182,三菱瓦斯化学,プライム,化学,73,30,43,B+,検討候補,91,80.2,PEGレシオ,8288,13.9,3915.0,0.95,51.0,年間業績の成長=4 四半期業績の成長=10 通期予想に対する進捗率=7 PER=9 PEGレシオ=評価不能,200日線との関係=8 5日線と25日線のGC=9 5日線と25日線の乖離率=7 ローソク足・上昇力=8 出来高=0 レジスタンスライン=4 RSI(14)=7,黒字転換の指標は「プラス」として扱った / 季節性は過去の同時期と比較して確認,開示表題に該当なし（決算短信本文は未確認）,株探 決算ページ https://kabutan.jp/stock/finance?code=4182（取得 2026-10-05 08:39）。単位：百万円（EPSは円）
8,7995,バルカー,プライム,化学,73,37,36,B+,検討候補,100,73.0,,1290,14.0,6900.0,1.3,59.5,年間業績の成長=7 四半期業績の成長=7 通期予想に対する進捗率=5 PER=9 PEGレシオ=9,200日線との関係=3 5日線と25日線のGC=9 5日線と25日線の乖離率=7 ローソク足・上昇力=0 出来高=3 レジスタンスライン=7 RSI(14)=7,季節性は過去の同時期と比較して確認,開示表題に該当なし（決算短信本文は未確認）,株探 決算ページ https://kabutan.jp/stock/finance?code=7995（取得 2026-10-05 08:46）。単位：百万円（EPSは円）
9,8008,ヨンドシーホールディングス,プライム,小売業,72,37,35,B+,検討候補,100,72.0,,513,17.1,2109.0,1.15,52.5,年間業績の成長=4 四半期業績の成長=10 通期予想に対する進捗率=5 PER=9 PEGレシオ=9,200日線との関係=6 5日線と25日線のGC=3 5日線と25日線の乖離率=7 ローソク足・上昇力=8 出来高=3 レジスタンスライン=1 RSI(14)=7,季節性は過去の同時期と比較して確認,開示表題に該当なし（決算短信本文は未確認）,株探 決算ページ https://kabutan.jp/stock/finance?code=8008（取得 2026-10-05 08:48）。単位：百万円（EPSは円）
10,6616,トレックス・セミコンダクター,プライム,電気機器,72,39,33,B+,検討候補,100,72.0,,231,13.2,2000.0,0.94,55.6,年間業績の成長=7 四半期業績の成長=7 通期予想に対する進捗率=7 PER=9 PEGレシオ=9,200日線との関係=8 5日線と25日線のGC=6 5日線と25日線の乖離率=5 ローソク足・上昇力=0 出来高=0 レジスタンスライン=7 RSI(14)=7,季節性は過去の同時期と比較して確認,開示表題に該当なし（決算短信本文は未確認）,株探 決算ページ https://kabutan.jp/stock/finance?code=6616（取得 2026-10-05 08:55）。単位：百万円（EPSは円）
11,5801,古河電気工業,プライム,非鉄金属,71,29,42,B+,検討候補,100,71.0,,31298,29.7,4429.0,1.87,63.4,年間業績の成長=7 四半期業績の成長=7 通期予想に対する進捗率=3 PER=3 PEGレシオ=9,200日線との関係=0 5日線と25日線のGC=9 5日線と25日線の乖離率=7 ローソク足・上昇力=8 出来高=6 レジスタンスライン=7 RSI(14)=5,季節性は過去の同時期と比較して確認,開示表題に該当なし（決算短信本文は未確認）,株探 決算ページ https://kabutan.jp/stock/finance?code=5801（取得 2026-10-05 08:40）。単位：百万円（EPSは円）
12,6800,ヨコオ,プライム,電気機器,71,37,34,B+,検討候補,100,71.0,,1113,19.4,4665.0,1.69,65.8,年間業績の成長=7 四半期業績の成長=7 通期予想に対する進捗率=5 PER=9 PEGレシオ=9,200日線との関係=3 5日線と25日線のGC=9 5日線と25日線の乖離率=2 ローソク足・上昇力=2 出来高=6 レジスタンスライン=7 RSI(14)=5,季節性は過去の同時期と比較して確認,開示表題に該当なし（決算短信本文は未確認）,株探 決算ページ https://kabutan.jp/stock/finance?code=6800（取得 2026-10-05 08:51）。単位：百万円（EPSは円）
13,6622,ダイヘン,プライム,電気機器,71,29,42,B+,検討候補,100,71.0,,3457,19.9,2776.0,1.31,61.4,年間業績の成長=7 四半期業績の成長=7 通期予想に対する進捗率=0 PER=9 PEGレシオ=6,200日線との関係=8 5日線と25日線のGC=9 5日線と25日線の乖離率=5 ローソク足・上昇力=8 出来高=3 レジスタンスライン=4 RSI(14)=5,季節性は過去の同時期と比較して確認,開示表題に該当なし（決算短信本文は未確認）,株探 決算ページ https://kabutan.jp/stock/finance?code=6622（取得 2026-10-05 08:40）。単位：百万円（EPSは円）
14,2325,ＮＪＳ,プライム,サービス業,70,33,37,B+,検討候補,100,70.0,,465,18.0,4625.0,1.68,50.3,年間業績の成長=4 四半期業績の成長=7 通期予想に対する進捗率=7 PER=9 PEGレシオ=6,200日線との関係=8 5日線と25日線のGC=0 5日線と25日線の乖離率=7 ローソク足・上昇力=8 出来高=6 レジスタンスライン=1 RSI(14)=7,季節性は過去の同時期と比較して確認,開示表題に該当なし（決算短信本文は未確認）,株探 決算ページ https://kabutan.jp/stock/finance?code=2325（取得 2026-10-05 08:44）。単位：百万円（EPSは円）
15,6877,ＯＢＡＲＡ　ＧＲＯＵＰ,スタンダード,電気機器,70,36,34,B+,検討候補,100,70.0,,1231,11.2,5900.0,1.38,60.8,年間業績の成長=7 四半期業績の成長=4 通期予想に対する進捗率=7 PER=9 PEGレシオ=9,200日線との関係=6 5日線と25日線のGC=6 5日線と25日線の乖離率=2 ローソク足・上昇力=8 出来高=3 レジスタンスライン=4 RSI(14)=5,季節性は過去の同時期と比較して確認,開示表題に該当なし（決算短信本文は未確認）,株探 決算ページ https://kabutan.jp/stock/finance?code=6877（取得 2026-10-05 08:52）。単位：百万円（EPSは円）
16,4368,扶桑化学工業,プライム,化学,70,37,33,B+,検討候補,100,70.0,,3569,18.5,3350.0,0.79,63.2,年間業績の成長=7 四半期業績の成長=7 通期予想に対する進捗率=5 PER=9 PEGレシオ=9,200日線との関係=8 5日線と25日線のGC=9 5日線と25日線の乖離率=2 ローソク足・上昇力=2 出来高=0 レジスタンスライン=7 RSI(14)=5,季節性は過去の同時期と比較して確認,開示表題に該当なし（決算短信本文は未確認）,株探 決算ページ https://kabutan.jp/stock/finance?code=4368（取得 2026-10-05 08:56）。単位：百万円（EPSは円）
17,6278,ユニオンツール,プライム,機械,69,35,34,B,監視候補,100,69.0,,3238,25.9,16370.0,1.19,65.5,年間業績の成長=10 四半期業績の成長=10 通期予想に対する進捗率=3 PER=3 PEGレシオ=9,200日線との関係=8 5日線と25日線のGC=9 5日線と25日線の乖離率=0 ローソク足・上昇力=8 出来高=3 レジスタンスライン=1 RSI(14)=5,季節性は過去の同時期と比較して確認,開示表題に該当なし（決算短信本文は未確認）,株探 決算ページ https://kabutan.jp/stock/finance?code=6278（取得 2026-10-05 08:52）。単位：百万円（EPSは円）
18,5333,ＮＧＫ,プライム,ガラス・土石製品,69,36,33,B,監視候補,100,69.0,,16084,19.3,5624.0,0.84,59.6,年間業績の成長=4 四半期業績の成長=7 通期予想に対する進捗率=7 PER=9 PEGレシオ=9,200日線との関係=6 5日線と25日線のGC=9 5日線と25日線の乖離率=5 ローソク足・上昇力=2 出来高=0 レジスタンスライン=4 RSI(14)=7,季節性は過去の同時期と比較して確認,開示表題に該当なし（決算短信本文は未確認）,株探 決算ページ https://kabutan.jp/stock/finance?code=5333（取得 2026-10-05 08:56）。単位：百万円（EPSは円）
19,4631,ＤＩＣ,プライム,化学,69,36,33,B,監視候補,100,69.0,,4647,9.5,4883.0,0.62,51.1,年間業績の成長=4 四半期業績の成長=7 通期予想に対する進捗率=7 PER=9 PEGレシオ=9,200日線との関係=6 5日線と25日線のGC=6 5日線と25日線の乖離率=7 ローソク足・上昇力=0 出来高=0 レジスタンスライン=7 RSI(14)=7,季節性は過去の同時期と比較して確認,開示表題に該当なし（決算短信本文は未確認）,株探 決算ページ https://kabutan.jp/stock/finance?code=4631（取得 2026-10-05 08:57）。単位：百万円（EPSは円）
20,9621,建設技術研究所,プライム,サービス業,68,29,39,B,監視候補,100,68.0,,950,13.0,3355.0,1.54,63.6,年間業績の成長=4 四半期業績の成長=0 通期予想に対する進捗率=7 PER=9 PEGレシオ=9,200日線との関係=6 5日線と25日線のGC=9 5日線と25日線の乖離率=7 ローソク足・上昇力=2 出来高=6 レジスタンスライン=4 RSI(14)=5,利益が赤字 / 季節性は過去の同時期と比較して確認,開示表題に該当なし（決算短信本文は未確認）,株探 決算ページ https://kabutan.jp/stock/finance?code=9621（取得 2026-10-05 08:42）。単位：百万円（EPSは円）
21,5331,ノリタケ,プライム,ガラス・土石製品,68,36,32,B,監視候補,100,68.0,,2077,12.0,3695.0,1.23,56.2,年間業績の成長=4 四半期業績の成長=7 通期予想に対する進捗率=7 PER=9 PEGレシオ=9,200日線との関係=8 5日線と25日線のGC=6 5日線と25日線の乖離率=7 ローソク足・上昇力=0 出来高=3 レジスタンスライン=1 RSI(14)=7,季節性は過去の同時期と比較して確認,開示表題に該当なし（決算短信本文は未確認）,株探 決算ページ https://kabutan.jp/stock/finance?code=5331（取得 2026-10-05 08:59）。単位：百万円（EPSは円）
22,6754,アンリツ,プライム,電気機器,67,29,38,B,監視候補,100,67.0,,4741,29.8,3489.0,1.39,59.1,年間業績の成長=7 四半期業績の成長=10 通期予想に対する進捗率=3 PER=3 PEGレシオ=6,200日線との関係=8 5日線と25日線のGC=9 5日線と25日線の乖離率=5 ローソク足・上昇力=2 出来高=3 レジスタンスライン=4 RSI(14)=7,IFRS：経常益は税引前利益 / 季節性は過去の同時期と比較して確認,開示表題に該当なし（決算短信本文は未確認）,株探 決算ページ https://kabutan.jp/stock/finance?code=6754（取得 2026-10-05 08:43）。単位：百万円（EPSは円）
23,9556,ＩＮＴＬＯＯＰ,グロース,サービス業,66,26,40,B,監視候補,93,71.0,通期予想に対する進捗率,225,9.2,2386.0,0.38,53.7,年間業績の成長=7 四半期業績の成長=1 通期予想に対する進捗率=評価不能 PER=9 PEGレシオ=9,200日線との関係=8 5日線と25日線のGC=9 5日線と25日線の乖離率=7 ローソク足・上昇力=2 出来高=0 レジスタンスライン=7 RSI(14)=7,累計決算なし（本決算直後の可能性） / 増収減益：利益率悪化に注意,開示表題に該当なし（決算短信本文は未確認）,株探 決算ページ https://kabutan.jp/stock/finance?code=9556（取得 2026-10-05 08:41）。単位：百万円（EPSは円）
24,3696,セレス,プライム,情報・通信業,66,33,33,B,監視候補,100,66.0,,278,4.4,2284.0,5.92,60.3,年間業績の成長=7 四半期業績の成長=1 通期予想に対する進捗率=7 PER=9 PEGレシオ=9,200日線との関係=3 5日線と25日線のGC=3 5日線と25日線の乖離率=7 ローソク足・上昇力=5 出来高=9 レジスタンスライン=1 RSI(14)=5,増収減益：利益率悪化に注意 / 季節性は過去の同時期と比較して確認 / PERが低すぎる：業績悪化・財務不安がないか確認,開示表題に該当なし（決算短信本文は未確認）,株探 決算ページ https://kabutan.jp/stock/finance?code=3696（取得 2026-10-05 08:54）。単位：百万円（EPSは円）
25,3064,ＭｏｎｏｔａＲＯ,プライム,小売業,66,22,44,B,監視候補,100,66.0,,10221,28.0,2060.0,1.97,63.6,年間業績の成長=7 四半期業績の成長=7 通期予想に対する進捗率=5 PER=3 PEGレシオ=0,200日線との関係=8 5日線と25日線のGC=9 5日線と25日線の乖離率=7 ローソク足・上昇力=8 出来高=6 レジスタンスライン=1 RSI(14)=5,季節性は過去の同時期と比較して確認,開示表題に該当なし（決算短信本文は未確認）,株探 決算ページ https://kabutan.jp/stock/finance?code=3064（取得 2026-10-05 08:39）。単位：百万円（EPSは円）
26,7245,大同メタル工業,プライム,輸送用機器,66,29,37,B,監視候補,100,66.0,,587,11.4,1236.0,1.29,56.5,年間業績の成長=4 四半期業績の成長=4 通期予想に対する進捗率=3 PER=9 PEGレシオ=9,200日線との関係=8 5日線と25日線のGC=6 5日線と25日線の乖離率=7 ローソク足・上昇力=2 出来高=0 レジスタンスライン=7 RSI(14)=7,季節性は過去の同時期と比較して確認,開示表題に該当なし（決算短信本文は未確認）,株探 決算ページ https://kabutan.jp/stock/finance?code=7245（取得 2026-10-05 08:45）。単位：百万円（EPSは円）
27,3549,クスリのアオキホールディングス,スタンダード,小売業,65,28,37,B,監視候補,100,65.0,,4218,22.0,4411.0,5.16,64.9,年間業績の成長=7 四半期業績の成長=7 通期予想に対する進捗率=5 PER=6 PEGレシオ=3,200日線との関係=6 5日線と25日線のGC=0 5日線と25日線の乖離率=5 ローソク足・上昇力=8 出来高=9 レジスタンスライン=4 RSI(14)=5,季節性は過去の同時期と比較して確認,開示表題に該当なし（決算短信本文は未確認）,株探 決算ページ https://kabutan.jp/stock/finance?code=3549（取得 2026-10-05 08:44）。単位：百万円（EPSは円）
28,4004,レゾナック・ホールディングス,プライム,化学,65,23,42,B,監視候補,100,65.0,,33031,29.1,17280.0,2.18,62.9,年間業績の成長=1 四半期業績の成長=7 通期予想に対する進捗率=3 PER=3 PEGレシオ=9,200日線との関係=0 5日線と25日線のGC=9 5日線と25日線の乖離率=7 ローソク足・上昇力=8 出来高=9 レジスタンスライン=4 RSI(14)=5,IFRS：経常益は税引前利益 / 季節性は過去の同時期と比較して確認,開示表題に該当なし（決算短信本文は未確認）,株探 決算ページ https://kabutan.jp/stock/finance?code=4004（取得 2026-10-05 08:40）。単位：百万円（EPSは円）
29,1762,高松コンストラクショングループ,プライム,建設業,65,31,34,B,監視候補,100,65.0,,1407,11.3,4040.0,0.75,45.7,年間業績の成長=4 四半期業績の成長=7 通期予想に対する進捗率=5 PER=9 PEGレシオ=6,200日線との関係=8 5日線と25日線のGC=0 5日線と25日線の乖離率=7 ローソク足・上昇力=8 出来高=0 レジスタンスライン=4 RSI(14)=7,季節性は過去の同時期と比較して確認,開示表題に該当なし（決算短信本文は未確認）,株探 決算ページ https://kabutan.jp/stock/finance?code=1762（取得 2026-10-05 08:54）。単位：百万円（EPSは円）
30,9766,コナミグループ,プライム,情報・通信業,64,22,42,B,監視候補,100,64.0,,32072,30.0,22350.0,1.81,61.3,年間業績の成長=2 四半期業績の成長=10 通期予想に対する進捗率=7 PER=3 PEGレシオ=0,200日線との関係=6 5日線と25日線のGC=9 5日線と25日線の乖離率=7 ローソク足・上昇力=8 出来高=6 レジスタンスライン=1 RSI(14)=5,IFRS：経常益は税引前利益 / 季節性は過去の同時期と比較して確認,開示表題に該当なし（決算短信本文は未確認）,株探 決算ページ https://kabutan.jp/stock/finance?code=9766（取得 2026-10-05 08:40）。単位：百万円（EPSは円）
31,6834,精工技研,スタンダード,電気機器,64,32,32,B,監視候補,100,64.0,,3197,33.3,6850.0,1.19,69.3,年間業績の成長=10 四半期業績の成長=10 通期予想に対する進捗率=3 PER=0 PEGレシオ=9,200日線との関係=0 5日線と25日線のGC=9 5日線と25日線の乖離率=0 ローソク足・上昇力=8 出来高=3 レジスタンスライン=7 RSI(14)=5,季節性は過去の同時期と比較して確認,開示表題に該当なし（決算短信本文は未確認）,株探 決算ページ https://kabutan.jp/stock/finance?code=6834（取得 2026-10-05 08:59）。単位：百万円（EPSは円）
32,6961,エンプラス,プライム,電気機器,64,27,37,B,監視候補,100,64.0,,1045,19.4,10740.0,0.8,56.6,年間業績の成長=1 四半期業績の成長=10 通期予想に対する進捗率=7 PER=9 PEGレシオ=0,200日線との関係=8 5日線と25日線のGC=9 5日線と25日線の乖離率=7 ローソク足・上昇力=2 出来高=0 レジスタンスライン=4 RSI(14)=7,増収減益：利益率悪化に注意 / 季節性は過去の同時期と比較して確認,開示表題に該当なし（決算短信本文は未確認）,株探 決算ページ https://kabutan.jp/stock/finance?code=6961（取得 2026-10-05 08:46）。単位：百万円（EPSは円）
33,6994,指月電機製作所,スタンダード,電気機器,63,29,34,B,監視候補,100,63.0,,450,15.6,1360.0,2.28,68.0,年間業績の成長=4 四半期業績の成長=7 通期予想に対する進捗率=3 PER=9 PEGレシオ=6,200日線との関係=0 5日線と25日線のGC=9 5日線と25日線の乖離率=2 ローソク足・上昇力=2 出来高=9 レジスタンスライン=7 RSI(14)=5,季節性は過去の同時期と比較して確認,開示表題に該当なし（決算短信本文は未確認）,株探 決算ページ https://kabutan.jp/stock/finance?code=6994（取得 2026-10-05 08:51）。単位：百万円（EPSは円）
34,5393,ニチアス,プライム,ガラス・土石製品,63,29,34,B,監視候補,100,63.0,,6786,19.1,3553.0,0.99,62.6,年間業績の成長=7 四半期業績の成長=7 通期予想に対する進捗率=3 PER=9 PEGレシオ=3,200日線との関係=6 5日線と25日線のGC=9 5日線と25日線の乖離率=5 ローソク足・上昇力=2 出来高=0 レジスタンスライン=7 RSI(14)=5,季節性は過去の同時期と比較して確認,開示表題に該当なし（決算短信本文は未確認）,株探 決算ページ https://kabutan.jp/stock/finance?code=5393（取得 2026-10-05 08:52）。単位：百万円（EPSは円）
35,6370,栗田工業,プライム,機械,63,29,34,B,監視候補,100,63.0,,9093,16.2,7825.0,0.95,50.0,年間業績の成長=4 四半期業績の成長=4 通期予想に対する進捗率=3 PER=9 PEGレシオ=9,200日線との関係=8 5日線と25日線のGC=6 5日線と25日線の乖離率=7 ローソク足・上昇力=2 出来高=0 レジスタンスライン=4 RSI(14)=7,IFRS：経常益は税引前利益 / 季節性は過去の同時期と比較して確認,開示表題に該当なし（決算短信本文は未確認）,株探 決算ページ https://kabutan.jp/stock/finance?code=6370（取得 2026-10-05 08:53）。単位：百万円（EPSは円）
36,5991,日本発條,プライム,金属製品,63,29,34,B,監視候補,100,63.0,,7997,15.6,3461.0,0.92,53.4,年間業績の成長=4 四半期業績の成長=4 通期予想に対する進捗率=3 PER=9 PEGレシオ=9,200日線との関係=8 5日線と25日線のGC=9 5日線と25日線の乖離率=7 ローソク足・上昇力=2 出来高=0 レジスタンスライン=1 RSI(14)=7,季節性は過去の同時期と比較して確認,開示表題に該当なし（決算短信本文は未確認）,株探 決算ページ https://kabutan.jp/stock/finance?code=5991（取得 2026-10-05 08:53）。単位：百万円（EPSは円）
37,6954,ファナック,プライム,電気機器,63,26,37,B,監視候補,100,63.0,,59673,28.4,6075.0,0.78,52.8,年間業績の成長=7 四半期業績の成長=7 通期予想に対する進捗率=3 PER=3 PEGレシオ=6,200日線との関係=8 5日線と25日線のGC=9 5日線と25日線の乖離率=7 ローソク足・上昇力=2 出来高=0 レジスタンスライン=4 RSI(14)=7,季節性は過去の同時期と比較して確認,開示表題に該当なし（決算短信本文は未確認）,株探 決算ページ https://kabutan.jp/stock/finance?code=6954（取得 2026-10-05 08:46）。単位：百万円（EPSは円）
38,4063,信越化学工業,プライム,化学,62,19,43,B,監視候補,100,62.0,,119695,20.8,6030.0,0.9,55.1,年間業績の成長=2 四半期業績の成長=2 通期予想に対する進捗率=3 PER=6 PEGレシオ=6,200日線との関係=8 5日線と25日線のGC=9 5日線と25日線の乖離率=7 ローソク足・上昇力=8 出来高=0 レジスタンスライン=4 RSI(14)=7,季節性は過去の同時期と比較して確認,開示表題に該当なし（決算短信本文は未確認）,株探 決算ページ https://kabutan.jp/stock/finance?code=4063（取得 2026-10-05 08:39）。単位：百万円（EPSは円）
39,7966,リンテック,プライム,その他製品,62,27,35,B,監視候補,100,62.0,,4270,18.1,5890.0,0.48,58.7,年間業績の成長=2 四半期業績の成長=4 通期予想に対する進捗率=3 PER=9 PEGレシオ=9,200日線との関係=8 5日線と25日線のGC=9 5日線と25日線の乖離率=2 ローソク足・上昇力=2 出来高=0 レジスタンスライン=7 RSI(14)=7,季節性は過去の同時期と比較して確認,開示表題に該当なし（決算短信本文は未確認）,株探 決算ページ https://kabutan.jp/stock/finance?code=7966（取得 2026-10-05 08:50）。単位：百万円（EPSは円）
40,6481,ＴＨＫ,プライム,機械,61,26,35,B,監視候補,91,67.0,PEGレシオ,7762,13.3,6517.0,0.88,51.8,年間業績の成長=4 四半期業績の成長=10 通期予想に対する進捗率=3 PER=9 PEGレシオ=評価不能,200日線との関係=8 5日線と25日線のGC=6 5日線と25日線の乖離率=5 ローソク足・上昇力=2 出来高=0 レジスタンスライン=7 RSI(14)=7,IFRS：経常益は税引前利益 / 黒字転換の指標は「プラス」として扱った / 季節性は過去の同時期と比較して確認,開示表題に該当なし（決算短信本文は未確認）,株探 決算ページ https://kabutan.jp/stock/finance?code=6481（取得 2026-10-05 08:49）。単位：百万円（EPSは円）
41,4971,メック,プライム,化学,61,26,35,B,監視候補,100,61.0,,1409,21.9,7200.0,1.25,59.1,年間業績の成長=7 四半期業績の成長=4 通期予想に対する進捗率=3 PER=6 PEGレシオ=6,200日線との関係=8 5日線と25日線のGC=9 5日線と25日線の乖離率=2 ローソク足・上昇力=2 出来高=3 レジスタンスライン=4 RSI(14)=7,季節性は過去の同時期と比較して確認,開示表題に該当なし（決算短信本文は未確認）,株探 決算ページ https://kabutan.jp/stock/finance?code=4971（取得 2026-10-05 08:48）。単位：百万円（EPSは円）
42,9130,共栄タンカー,スタンダード,海運業,61,23,38,B,監視候補,100,61.0,,131,3.5,1711.0,0.27,51.9,年間業績の成長=1 四半期業績の成長=1 通期予想に対する進捗率=3 PER=9 PEGレシオ=9,200日線との関係=3 5日線と25日線のGC=6 5日線と25日線の乖離率=7 ローソク足・上昇力=8 出来高=0 レジスタンスライン=7 RSI(14)=7,季節性は過去の同時期と比較して確認 / PERが低すぎる：業績悪化・財務不安がないか確認,開示表題に該当なし（決算短信本文は未確認）,株探 決算ページ https://kabutan.jp/stock/finance?code=9130（取得 2026-10-05 08:44）。単位：百万円（EPSは円）
43,6383,ダイフク,プライム,機械,60,17,43,B,監視候補,100,60.0,,22224,25.2,5851.0,1.57,57.3,年間業績の成長=7 四半期業績の成長=2 通期予想に対する進捗率=5 PER=3 PEGレシオ=0,200日線との関係=8 5日線と25日線のGC=6 5日線と25日線の乖離率=7 ローソク足・上昇力=8 出来高=6 レジスタンスライン=1 RSI(14)=7,季節性は過去の同時期と比較して確認,開示表題に該当なし（決算短信本文は未確認）,株探 決算ページ https://kabutan.jp/stock/finance?code=6383（取得 2026-10-05 08:39）。単位：百万円（EPSは円）
44,7721,東京計器,プライム,精密機器,60,22,38,B,監視候補,100,60.0,,1284,22.9,7520.0,1.37,58.3,年間業績の成長=7 四半期業績の成長=0 通期予想に対する進捗率=0 PER=6 PEGレシオ=9,200日線との関係=8 5日線と25日線のGC=6 5日線と25日線の乖離率=5 ローソク足・上昇力=8 出来高=3 レジスタンスライン=1 RSI(14)=7,利益が赤字 / 季節性は過去の同時期と比較して確認,開示表題に該当なし（決算短信本文は未確認）,株探 決算ページ https://kabutan.jp/stock/finance?code=7721（取得 2026-10-05 08:43）。単位：百万円（EPSは円）
45,8022,美津濃,プライム,その他製品,60,25,35,B,監視候補,100,60.0,,3357,16.9,4210.0,1.35,59.2,年間業績の成長=2 四半期業績の成長=7 通期予想に対する進捗率=7 PER=9 PEGレシオ=0,200日線との関係=3 5日線と25日線のGC=9 5日線と25日線の乖離率=7 ローソク足・上昇力=2 出来高=3 レジスタンスライン=4 RSI(14)=7,季節性は過去の同時期と比較して確認,開示表題に該当なし（決算短信本文は未確認）,株探 決算ページ https://kabutan.jp/stock/finance?code=8022（取得 2026-10-05 08:48）。単位：百万円（EPSは円）
46,3626,ＴＩＳＩ,プライム,情報・通信業,60,25,35,B,監視候補,100,60.0,,8657,14.9,4032.0,1.13,57.6,年間業績の成長=2 四半期業績の成長=2 通期予想に対する進捗率=3 PER=9 PEGレシオ=9,200日線との関係=8 5日線と25日線のGC=9 5日線と25日線の乖離率=7 ローソク足・上昇力=0 出来高=3 レジスタンスライン=1 RSI(14)=7,季節性は過去の同時期と比較して確認,開示表題に該当なし（決算短信本文は未確認）,株探 決算ページ https://kabutan.jp/stock/finance?code=3626（取得 2026-10-05 08:49）。単位：百万円（EPSは円）
47,6947,図研,プライム,電気機器,59,24,35,C,慎重候補,100,59.0,,1195,19.9,5370.0,2.29,71.1,年間業績の成長=2 四半期業績の成長=10 通期予想に対する進捗率=3 PER=9 PEGレシオ=0,200日線との関係=6 5日線と25日線のGC=9 5日線と25日線の乖離率=5 ローソク足・上昇力=2 出来高=9 レジスタンスライン=1 RSI(14)=3,季節性は過去の同時期と比較して確認,開示表題に該当なし（決算短信本文は未確認）,株探 決算ページ https://kabutan.jp/stock/finance?code=6947（取得 2026-10-05 08:47）。単位：百万円（EPSは円）
48,6289,技研製作所,プライム,機械,59,20,39,C,慎重候補,100,59.0,,527,23.4,2031.0,1.21,68.4,年間業績の成長=4 四半期業績の成長=1 通期予想に対する進捗率=0 PER=6 PEGレシオ=9,200日線との関係=8 5日線と25日線のGC=9 5日線と25日線の乖離率=5 ローソク足・上昇力=2 出来高=3 レジスタンスライン=7 RSI(14)=5,黒字転換の指標は「プラス」として扱った / 季節性は過去の同時期と比較して確認,開示表題に該当なし（決算短信本文は未確認）,株探 決算ページ https://kabutan.jp/stock/finance?code=6289（取得 2026-10-05 08:42）。単位：百万円（EPSは円）
49,6814,古野電気,プライム,電気機器,59,24,35,C,慎重候補,100,59.0,,2520,19.2,7900.0,1.18,59.1,年間業績の成長=1 四半期業績の成長=7 通期予想に対する進捗率=7 PER=9 PEGレシオ=0,200日線との関係=6 5日線と25日線のGC=9 5日線と25日線の乖離率=7 ローソク足・上昇力=2 出来高=3 レジスタンスライン=1 RSI(14)=7,増収減益：利益率悪化に注意 / 季節性は過去の同時期と比較して確認,開示表題に該当なし（決算短信本文は未確認）,株探 決算ページ https://kabutan.jp/stock/finance?code=6814（取得 2026-10-05 08:48）。単位：百万円（EPSは円）
50,7018,内海造船,スタンダード,輸送用機器,59,21,38,C,慎重候補,100,59.0,,301,22.6,13360.0,0.81,54.8,年間業績の成長=1 四半期業績の成長=7 通期予想に対する進捗率=7 PER=6 PEGレシオ=0,200日線との関係=8 5日線と25日線のGC=9 5日線と25日線の乖離率=7 ローソク足・上昇力=0 出来高=0 レジスタンスライン=7 RSI(14)=7,季節性は過去の同時期と比較して確認,開示表題に該当なし（決算短信本文は未確認）,株探 決算ページ https://kabutan.jp/stock/finance?code=7018（取得 2026-10-05 08:44）。単位：百万円（EPSは円）
51,5038,ｅＷｅＬＬ,グロース,情報・通信業,59,26,33,C,慎重候補,100,59.0,,349,26.0,2283.0,0.57,60.9,年間業績の成長=7 四半期業績の成長=7 通期予想に対する進捗率=3 PER=3 PEGレシオ=6,200日線との関係=8 5日線と25日線のGC=9 5日線と25日線の乖離率=7 ローソク足・上昇力=0 出来高=0 レジスタンスライン=4 RSI(14)=5,季節性は過去の同時期と比較して確認,開示表題に該当なし（決算短信本文は未確認）,株探 決算ページ https://kabutan.jp/stock/finance?code=5038（取得 2026-10-05 08:57）。単位：百万円（EPSは円）
52,6387,サムコ,プライム,機械,58,20,38,C,慎重候補,93,62.4,通期予想に対する進捗率,740,27.0,9200.0,0.83,57.9,年間業績の成長=7 四半期業績の成長=4 通期予想に対する進捗率=評価不能 PER=3 PEGレシオ=6,200日線との関係=8 5日線と25日線のGC=9 5日線と25日線の乖離率=5 ローソク足・上昇力=2 出来高=0 レジスタンスライン=7 RSI(14)=7,累計決算なし（本決算直後の可能性）,開示表題に該当なし（決算短信本文は未確認）,株探 決算ページ https://kabutan.jp/stock/finance?code=6387（取得 2026-10-05 08:44）。単位：百万円（EPSは円）
53,4187,大阪有機化学工業,プライム,化学,58,24,34,C,慎重候補,100,58.0,,1008,17.6,4500.0,1.71,55.9,年間業績の成長=1 四半期業績の成長=7 通期予想に対する進捗率=7 PER=9 PEGレシオ=0,200日線との関係=8 5日線と25日線のGC=6 5日線と25日線の乖離率=7 ローソク足・上昇力=2 出来高=0 レジスタンスライン=4 RSI(14)=7,増収減益：利益率悪化に注意 / 季節性は過去の同時期と比較して確認,開示表題に該当なし（決算短信本文は未確認）,株探 決算ページ https://kabutan.jp/stock/finance?code=4187（取得 2026-10-05 08:51）。単位：百万円（EPSは円）
54,6474,不二越,プライム,機械,58,26,32,C,慎重候補,100,58.0,,1403,16.4,5630.0,1.19,56.5,年間業績の成長=4 四半期業績の成長=4 通期予想に対する進捗率=0 PER=9 PEGレシオ=9,200日線との関係=8 5日線と25日線のGC=6 5日線と25日線の乖離率=7 ローソク足・上昇力=0 出来高=0 レジスタンスライン=4 RSI(14)=7,季節性は過去の同時期と比較して確認,開示表題に該当なし（決算短信本文は未確認）,株探 決算ページ https://kabutan.jp/stock/finance?code=6474（取得 2026-10-05 08:59）。単位：百万円（EPSは円）
55,6651,日東工業,プライム,電気機器,58,15,43,C,慎重候補,100,58.0,,1800,14.6,4450.0,1.05,54.5,年間業績の成長=2 四半期業績の成長=4 通期予想に対する進捗率=0 PER=9 PEGレシオ=0,200日線との関係=8 5日線と25日線のGC=9 5日線と25日線の乖離率=7 ローソク足・上昇力=8 出来高=3 レジスタンスライン=1 RSI(14)=7,季節性は過去の同時期と比較して確認,開示表題に該当なし（決算短信本文は未確認）,株探 決算ページ https://kabutan.jp/stock/finance?code=6651（取得 2026-10-05 08:39）。単位：百万円（EPSは円）
56,6988,日東電工,プライム,化学,58,21,37,C,慎重候補,100,58.0,,23794,16.2,3506.0,1.01,57.5,年間業績の成長=2 四半期業績の成長=4 通期予想に対する進捗率=3 PER=9 PEGレシオ=3,200日線との関係=8 5日線と25日線のGC=6 5日線と25日線の乖離率=7 ローソク足・上昇力=8 出来高=0 レジスタンスライン=1 RSI(14)=7,IFRS：経常益は税引前利益 / 季節性は過去の同時期と比較して確認,開示表題に該当なし（決算短信本文は未確認）,株探 決算ページ https://kabutan.jp/stock/finance?code=6988（取得 2026-10-05 08:45）。単位：百万円（EPSは円）
57,6965,浜松ホトニクス,プライム,電気機器,58,20,38,C,慎重候補,100,58.0,,7627,39.4,2389.0,0.94,56.9,年間業績の成長=7 四半期業績の成長=4 通期予想に対する進捗率=3 PER=0 PEGレシオ=6,200日線との関係=6 5日線と25日線のGC=9 5日線と25日線の乖離率=7 ローソク足・上昇力=2 出来高=0 レジスタンスライン=7 RSI(14)=7,黒字転換の指標は「プラス」として扱った / 季節性は過去の同時期と比較して確認,開示表題に該当なし（決算短信本文は未確認）,株探 決算ページ https://kabutan.jp/stock/finance?code=6965（取得 2026-10-05 08:43）。単位：百万円（EPSは円）
58,6501,日立製作所,プライム,電気機器,57,14,43,C,慎重候補,100,57.0,,250454,27.3,5522.0,1.13,58.0,年間業績の成長=4 四半期業績の成長=1 通期予想に対する進捗率=3 PER=3 PEGレシオ=3,200日線との関係=8 5日線と25日線のGC=6 5日線と25日線の乖離率=7 ローソク足・上昇力=8 出来高=3 レジスタンスライン=4 RSI(14)=7,IFRS：経常益は税引前利益 / 増収減益：利益率悪化に注意 / 季節性は過去の同時期と比較して確認,開示表題に該当なし（決算短信本文は未確認）,株探 決算ページ https://kabutan.jp/stock/finance?code=6501（取得 2026-10-05 08:39）。単位：百万円（EPSは円）
59,4628,エスケー化研,スタンダード,化学,57,24,33,C,慎重候補,100,57.0,,1596,14.5,10180.0,1.03,69.2,年間業績の成長=1 四半期業績の成長=7 通期予想に対する進捗率=7 PER=9 PEGレシオ=0,200日線との関係=8 5日線と25日線のGC=6 5日線と25日線の乖離率=5 ローソク足・上昇力=2 出来高=3 レジスタンスライン=4 RSI(14)=5,増収減益：利益率悪化に注意 / 季節性は過去の同時期と比較して確認,開示表題に該当なし（決算短信本文は未確認）,株探 決算ページ https://kabutan.jp/stock/finance?code=4628（取得 2026-10-05 08:55）。単位：百万円（EPSは円）
60,6506,安川電機,プライム,電気機器,57,17,40,C,慎重候補,100,57.0,,12817,26.5,4806.0,1.01,56.4,年間業績の成長=4 四半期業績の成長=1 通期予想に対する進捗率=0 PER=3 PEGレシオ=9,200日線との関係=8 5日線と25日線のGC=6 5日線と25日線の乖離率=7 ローソク足・上昇力=8 出来高=3 レジスタンスライン=1 RSI(14)=7,IFRS：経常益は税引前利益 / 増収減益：利益率悪化に注意 / 季節性は過去の同時期と比較して確認,開示表題に該当なし（決算短信本文は未確認）,株探 決算ページ https://kabutan.jp/stock/finance?code=6506（取得 2026-10-05 08:41）。単位：百万円（EPSは円）
61,4022,ラサ工業,プライム,化学,57,22,35,C,慎重候補,100,57.0,,820,18.8,2064.0,0.96,56.9,年間業績の成長=1 四半期業績の成長=7 通期予想に対する進捗率=5 PER=9 PEGレシオ=0,200日線との関係=6 5日線と25日線のGC=6 5日線と25日線の乖離率=7 ローソク足・上昇力=2 出来高=0 レジスタンスライン=7 RSI(14)=7,増収減益：利益率悪化に注意 / 季節性は過去の同時期と比較して確認,開示表題に該当なし（決算短信本文は未確認）,株探 決算ページ https://kabutan.jp/stock/finance?code=4022（取得 2026-10-05 08:49）。単位：百万円（EPSは円）
62,5384,フジミインコーポレーテッド,プライム,ガラス・土石製品,57,22,35,C,慎重候補,100,57.0,,2852,25.4,3560.0,0.66,53.9,年間業績の成長=2 四半期業績の成長=7 通期予想に対する進捗率=7 PER=3 PEGレシオ=3,200日線との関係=8 5日線と25日線のGC=6 5日線と25日線の乖離率=5 ローソク足・上昇力=2 出来高=0 レジスタンスライン=7 RSI(14)=7,季節性は過去の同時期と比較して確認,開示表題に該当なし（決算短信本文は未確認）,株探 決算ページ https://kabutan.jp/stock/finance?code=5384（取得 2026-10-05 08:50）。単位：百万円（EPSは円）
63,6113,アマダ,プライム,機械,56,19,37,C,慎重候補,90,62.2,年間業績の成長,8338,23.6,2626.5,1.0,58.4,年間業績の成長=評価不能 四半期業績の成長=10 通期予想に対する進捗率=0 PER=6 PEGレシオ=3,200日線との関係=8 5日線と25日線のGC=9 5日線と25日線の乖離率=7 ローソク足・上昇力=5 出来高=0 レジスタンスライン=1 RSI(14)=7,IFRS：経常益は税引前利益 / 不明なデータあり / 季節性は過去の同時期と比較して確認,開示表題に該当なし（決算短信本文は未確認）,株探 決算ページ https://kabutan.jp/stock/finance?code=6113（取得 2026-10-05 08:45）。単位：百万円（EPSは円）
64,6098,リクルートホールディングス,プライム,サービス業,56,21,35,C,慎重候補,90,62.2,年間業績の成長,245687,30.6,16685.0,0.71,54.4,年間業績の成長=評価不能 四半期業績の成長=7 通期予想に対する進捗率=5 PER=0 PEGレシオ=9,200日線との関係=0 5日線と25日線のGC=9 5日線と25日線の乖離率=7 ローソク足・上昇力=8 出来高=0 レジスタンスライン=4 RSI(14)=7,IFRS：経常益は税引前利益 / 不明なデータあり / 季節性は過去の同時期と比較して確認,開示表題に該当なし（決算短信本文は未確認）,株探 決算ページ https://kabutan.jp/stock/finance?code=6098（取得 2026-10-05 08:50）。単位：百万円（EPSは円）
65,4462,石原ケミカル,プライム,化学,56,22,34,C,慎重候補,100,56.0,,447,14.6,2950.0,1.8,54.2,年間業績の成長=1 四半期業績の成長=7 通期予想に対する進捗率=5 PER=9 PEGレシオ=0,200日線との関係=8 5日線と25日線のGC=6 5日線と25日線の乖離率=7 ローソク足・上昇力=5 出来高=0 レジスタンスライン=1 RSI(14)=7,増収減益：利益率悪化に注意 / 季節性は過去の同時期と比較して確認,開示表題に該当なし（決算短信本文は未確認）,株探 決算ページ https://kabutan.jp/stock/finance?code=4462（取得 2026-10-05 08:51）。単位：百万円（EPSは円）
66,3433,トーカロ,プライム,金属製品,56,17,39,C,慎重候補,100,56.0,,1828,16.4,2987.0,1.67,64.2,年間業績の成長=4 四半期業績の成長=1 通期予想に対する進捗率=3 PER=9 PEGレシオ=0,200日線との関係=8 5日線と25日線のGC=9 5日線と25日線の乖離率=5 ローソク足・上昇力=2 出来高=6 レジスタンスライン=4 RSI(14)=5,増収減益：利益率悪化に注意 / 季節性は過去の同時期と比較して確認,開示表題に該当なし（決算短信本文は未確認）,株探 決算ページ https://kabutan.jp/stock/finance?code=3433（取得 2026-10-05 08:42）。単位：百万円（EPSは円）
67,5802,住友電気工業,プライム,非鉄金属,56,17,39,C,慎重候補,100,56.0,,77870,22.5,2452.0,1.55,65.1,年間業績の成長=1 四半期業績の成長=7 通期予想に対する進捗率=3 PER=6 PEGレシオ=0,200日線との関係=8 5日線と25日線のGC=9 5日線と25日線の乖離率=2 ローソク足・上昇力=8 出来高=6 レジスタンスライン=1 RSI(14)=5,増収減益：利益率悪化に注意 / 季節性は過去の同時期と比較して確認,開示表題に該当なし（決算短信本文は未確認）,株探 決算ページ https://kabutan.jp/stock/finance?code=5802（取得 2026-10-05 08:42）。単位：百万円（EPSは円）
68,4674,クレスコ,プライム,情報・通信業,56,23,33,C,慎重候補,100,56.0,,819,13.9,1950.0,0.65,61.0,年間業績の成長=4 四半期業績の成長=7 通期予想に対する進捗率=0 PER=9 PEGレシオ=3,200日線との関係=3 5日線と25日線のGC=6 5日線と25日線の乖離率=7 ローソク足・上昇力=8 出来高=0 レジスタンスライン=4 RSI(14)=5,季節性は過去の同時期と比較して確認,開示表題に該当なし（決算短信本文は未確認）,株探 決算ページ https://kabutan.jp/stock/finance?code=4674（取得 2026-10-05 08:57）。単位：百万円（EPSは円）
69,4477,ＢＡＳＥ,グロース,情報・通信業,55,17,38,C,慎重候補,100,55.0,,436,28.5,370.0,6.5,75.5,年間業績の成長=1 四半期業績の成長=10 通期予想に対する進捗率=3 PER=3 PEGレシオ=0,200日線との関係=3 5日線と25日線のGC=9 5日線と25日線の乖離率=7 ローソク足・上昇力=8 出来高=9 レジスタンスライン=1 RSI(14)=1,増収減益：利益率悪化に注意 / 季節性は過去の同時期と比較して確認,開示表題に該当なし（決算短信本文は未確認）,株探 決算ページ https://kabutan.jp/stock/finance?code=4477（取得 2026-10-05 08:43）。単位：百万円（EPSは円）
70,4419,Ｆｉｎａｔｅｘｔホールディングス,グロース,情報・通信業,55,20,35,C,慎重候補,100,55.0,,750,32.3,1443.0,4.04,55.4,年間業績の成長=10 四半期業績の成長=1 通期予想に対する進捗率=0 PER=0 PEGレシオ=9,200日線との関係=3 5日線と25日線のGC=0 5日線と25日線の乖離率=7 ローソク足・上昇力=8 出来高=9 レジスタンスライン=1 RSI(14)=7,増収減益：利益率悪化に注意 / 季節性は過去の同時期と比較して確認,開示表題に該当なし（決算短信本文は未確認）,株探 決算ページ https://kabutan.jp/stock/finance?code=4419（取得 2026-10-05 08:47）。単位：百万円（EPSは円）
71,6273,ＳＭＣ,プライム,機械,55,22,33,C,慎重候補,100,55.0,,46912,27.0,73450.0,1.34,62.4,年間業績の成長=2 四半期業績の成長=10 通期予想に対する進捗率=7 PER=3 PEGレシオ=0,200日線との関係=8 5日線と25日線のGC=9 5日線と25日線の乖離率=5 ローソク足・上昇力=2 出来高=3 レジスタンスライン=1 RSI(14)=5,季節性は過去の同時期と比較して確認,開示表題に該当なし（決算短信本文は未確認）,株探 決算ページ https://kabutan.jp/stock/finance?code=6273（取得 2026-10-05 08:55）。単位：百万円（EPSは円）
72,7780,メニコン,プライム,精密機器,55,21,34,C,慎重候補,100,55.0,,1371,20.4,1786.0,1.14,50.2,年間業績の成長=1 四半期業績の成長=4 通期予想に対する進捗率=7 PER=6 PEGレシオ=3,200日線との関係=8 5日線と25日線のGC=0 5日線と25日線の乖離率=7 ローソク足・上昇力=8 出来高=3 レジスタンスライン=1 RSI(14)=7,増収減益：利益率悪化に注意 / 季節性は過去の同時期と比較して確認,開示表題に該当なし（決算短信本文は未確認）,株探 決算ページ https://kabutan.jp/stock/finance?code=7780（取得 2026-10-05 08:52）。単位：百万円（EPSは円）
73,3360,シップヘルスケアホールディングス,プライム,卸売業,55,21,34,C,慎重候補,100,55.0,,2301,13.8,2439.0,0.92,52.8,年間業績の成長=2 四半期業績の成長=1 通期予想に対する進捗率=0 PER=9 PEGレシオ=9,200日線との関係=8 5日線と25日線のGC=6 5日線と25日線の乖離率=7 ローソク足・上昇力=2 出来高=0 レジスタンスライン=4 RSI(14)=7,増収減益：利益率悪化に注意 / 季節性は過去の同時期と比較して確認,開示表題に該当なし（決算短信本文は未確認）,株探 決算ページ https://kabutan.jp/stock/finance?code=3360（取得 2026-10-05 08:53）。単位：百万円（EPSは円）
74,8167,リテールパートナーズ,プライム,小売業,55,21,34,C,慎重候補,100,55.0,,669,11.1,1434.0,0.5,53.8,年間業績の成長=2 四半期業績の成長=1 通期予想に対する進捗率=3 PER=9 PEGレシオ=6,200日線との関係=8 5日線と25日線のGC=6 5日線と25日線の乖離率=7 ローソク足・上昇力=2 出来高=0 レジスタンスライン=4 RSI(14)=7,増収減益：利益率悪化に注意 / 季節性は過去の同時期と比較して確認,開示表題に該当なし（決算短信本文は未確認）,株探 決算ページ https://kabutan.jp/stock/finance?code=8167（取得 2026-10-05 08:54）。単位：百万円（EPSは円）
75,7447,ナガイレーベン,プライム,卸売業,54,14,40,C,慎重候補,93,58.1,通期予想に対する進捗率,524,18.8,1704.0,5.15,56.6,年間業績の成長=1 四半期業績の成長=4 通期予想に対する進捗率=評価不能 PER=9 PEGレシオ=0,200日線との関係=8 5日線と25日線のGC=0 5日線と25日線の乖離率=7 ローソク足・上昇力=8 出来高=9 レジスタンスライン=1 RSI(14)=7,累計決算なし（本決算直後の可能性） / 増収減益：利益率悪化に注意,開示表題に該当なし（決算短信本文は未確認）,株探 決算ページ https://kabutan.jp/stock/finance?code=7447（取得 2026-10-05 08:41）。単位：百万円（EPSは円）
76,4980,デクセリアルズ,プライム,化学,54,12,42,C,慎重候補,100,54.0,,5922,20.6,3389.0,2.2,66.9,年間業績の成長=1 四半期業績の成長=2 通期予想に対する進捗率=3 PER=6 PEGレシオ=0,200日線との関係=8 5日線と25日線のGC=9 5日線と25日線の乖離率=2 ローソク足・上昇力=2 出来高=9 レジスタンスライン=7 RSI(14)=5,IFRS：経常益は税引前利益 / 増収減益：利益率悪化に注意 / 季節性は過去の同時期と比較して確認,開示表題に該当なし（決算短信本文は未確認）,株探 決算ページ https://kabutan.jp/stock/finance?code=4980（取得 2026-10-05 08:40）。単位：百万円（EPSは円）
77,6777,ｓａｎｔｅｃ　Ｈｏｌｄｉｎｇｓ,スタンダード,電気機器,54,22,32,C,慎重候補,100,54.0,,2795,31.2,23370.0,1.52,66.2,年間業績の成長=7 四半期業績の成長=10 通期予想に対する進捗率=5 PER=0 PEGレシオ=0,200日線との関係=3 5日線と25日線のGC=9 5日線と25日線の乖離率=0 ローソク足・上昇力=2 出来高=6 レジスタンスライン=7 RSI(14)=5,季節性は過去の同時期と比較して確認,開示表題に該当なし（決算短信本文は未確認）,株探 決算ページ https://kabutan.jp/stock/finance?code=6777（取得 2026-10-05 08:58）。単位：百万円（EPSは円）
78,6806,ヒロセ電機,プライム,電気機器,54,19,35,C,慎重候補,100,54.0,,8707,23.2,25215.0,0.97,51.4,年間業績の成長=4 四半期業績の成長=4 通期予想に対する進捗率=5 PER=6 PEGレシオ=0,200日線との関係=8 5日線と25日線のGC=6 5日線と25日線の乖離率=7 ローソク足・上昇力=0 出来高=0 レジスタンスライン=7 RSI(14)=7,IFRS：経常益は税引前利益 / 季節性は過去の同時期と比較して確認,開示表題に該当なし（決算短信本文は未確認）,株探 決算ページ https://kabutan.jp/stock/finance?code=6806（取得 2026-10-05 08:49）。単位：百万円（EPSは円）
79,6859,エスペック,プライム,電気機器,54,18,36,C,慎重候補,100,54.0,,977,14.6,4110.0,0.86,56.6,年間業績の成長=2 四半期業績の成長=7 通期予想に対する進捗率=0 PER=9 PEGレシオ=0,200日線との関係=6 5日線と25日線のGC=9 5日線と25日線の乖離率=7 ローソク足・上昇力=0 出来高=0 レジスタンスライン=7 RSI(14)=7,季節性は過去の同時期と比較して確認,開示表題に該当なし（決算短信本文は未確認）,株探 決算ページ https://kabutan.jp/stock/finance?code=6859（取得 2026-10-05 08:47）。単位：百万円（EPSは円）
80,8081,カナデン,プライム,卸売業,54,15,39,C,慎重候補,100,54.0,,594,14.7,2640.0,0.55,61.1,年間業績の成長=2 四半期業績の成長=4 通期予想に対する進捗率=0 PER=9 PEGレシオ=0,200日線との関係=6 5日線と25日線のGC=9 5日線と25日線の乖離率=7 ローソク足・上昇力=8 出来高=0 レジスタンスライン=4 RSI(14)=5,季節性は過去の同時期と比較して確認,開示表題に該当なし（決算短信本文は未確認）,株探 決算ページ https://kabutan.jp/stock/finance?code=8081（取得 2026-10-05 08:43）。単位：百万円（EPSは円）
81,4506,住友ファーマ,プライム,医薬品,53,13,40,C,慎重候補,90,58.9,年間業績の成長,7248,9.4,1613.5,0.74,58.0,年間業績の成長=評価不能 四半期業績の成長=1 通期予想に対する進捗率=3 PER=9 PEGレシオ=0,200日線との関係=8 5日線と25日線のGC=9 5日線と25日線の乖離率=7 ローソク足・上昇力=2 出来高=0 レジスタンスライン=7 RSI(14)=7,IFRS：経常益は税引前利益 / 不明なデータあり / 増収減益：利益率悪化に注意 / 季節性は過去の同時期と比較して確認,開示表題に該当なし（決算短信本文は未確認）,株探 決算ページ https://kabutan.jp/stock/finance?code=4506（取得 2026-10-05 08:41）。単位：百万円（EPSは円）
82,6507,シンフォニアテクノロジー,プライム,電気機器,53,12,41,C,慎重候補,100,53.0,,4290,27.1,14400.0,2.08,69.1,年間業績の成長=2 四半期業績の成長=7 通期予想に対する進捗率=0 PER=3 PEGレシオ=0,200日線との関係=6 5日線と25日線のGC=9 5日線と25日線の乖離率=0 ローソク足・上昇力=8 出来高=9 レジスタンスライン=4 RSI(14)=5,季節性は過去の同時期と比較して確認,開示表題に該当なし（決算短信本文は未確認）,株探 決算ページ https://kabutan.jp/stock/finance?code=6507（取得 2026-10-05 08:40）。単位：百万円（EPSは円）
83,6823,リオン,プライム,電気機器,53,18,35,C,慎重候補,100,53.0,,417,12.1,3375.0,1.29,54.8,年間業績の成長=2 四半期業績の成長=4 通期予想に対する進捗率=3 PER=9 PEGレシオ=0,200日線との関係=8 5日線と25日線のGC=9 5日線と25日線の乖離率=7 ローソク足・上昇力=0 出来高=0 レジスタンスライン=4 RSI(14)=7,季節性は過去の同時期と比較して確認,開示表題に該当なし（決算短信本文は未確認）,株探 決算ページ https://kabutan.jp/stock/finance?code=6823（取得 2026-10-05 08:48）。単位：百万円（EPSは円）
84,9983,ファーストリテイリング,プライム,小売業,53,21,32,C,慎重候補,100,53.0,,228387,44.0,71770.0,1.12,56.0,年間業績の成長=7 四半期業績の成長=7 通期予想に対する進捗率=7 PER=0 PEGレシオ=0,200日線との関係=8 5日線と25日線のGC=6 5日線と25日線の乖離率=7 ローソク足・上昇力=0 出来高=0 レジスタンスライン=4 RSI(14)=7,IFRS：経常益は税引前利益 / 季節性は過去の同時期と比較して確認,開示表題に該当なし（決算短信本文は未確認）,株探 決算ページ https://kabutan.jp/stock/finance?code=9983（取得 2026-10-05 09:00）。単位：百万円（EPSは円）
85,8923,トーセイ,プライム,不動産業,53,19,34,C,慎重候補,100,53.0,,1689,11.1,1731.0,1.06,49.1,年間業績の成長=2 四半期業績の成長=1 通期予想に対する進捗率=7 PER=9 PEGレシオ=0,200日線との関係=8 5日線と25日線のGC=6 5日線と25日線の乖離率=7 ローソク足・上昇力=5 出来高=0 レジスタンスライン=1 RSI(14)=7,IFRS：経常益は税引前利益 / 増収減益：利益率悪化に注意 / 季節性は過去の同時期と比較して確認,開示表題に該当なし（決算短信本文は未確認）,株探 決算ページ https://kabutan.jp/stock/finance?code=8923（取得 2026-10-05 08:52）。単位：百万円（EPSは円）
86,3167,ＴＯＫＡＩホールディングス,プライム,卸売業,53,18,35,C,慎重候補,100,53.0,,1836,15.4,1332.0,0.65,52.4,年間業績の成長=2 四半期業績の成長=4 通期予想に対する進捗率=3 PER=9 PEGレシオ=0,200日線との関係=6 5日線と25日線のGC=6 5日線と25日線の乖離率=7 ローソク足・上昇力=5 出来高=0 レジスタンスライン=4 RSI(14)=7,季節性は過去の同時期と比較して確認,開示表題に該当なし（決算短信本文は未確認）,株探 決算ページ https://kabutan.jp/stock/finance?code=3167（取得 2026-10-05 08:50）。単位：百万円（EPSは円）
87,2501,サッポロビール,プライム,食料品,52,18,34,C,慎重候補,90,57.8,年間業績の成長,7245,2.4,1839.0,1.47,46.1,年間業績の成長=評価不能 四半期業績の成長=0 通期予想に対する進捗率=0 PER=9 PEGレシオ=9,200日線との関係=8 5日線と25日線のGC=0 5日線と25日線の乖離率=7 ローソク足・上昇力=8 出来高=3 レジスタンスライン=1 RSI(14)=7,IFRS：経常益は税引前利益 / 不明なデータあり / 利益が赤字 / 季節性は過去の同時期と比較して確認 / PERが低すぎる：業績悪化・財務不安がないか確認,開示表題に該当なし（決算短信本文は未確認）,株探 決算ページ https://kabutan.jp/stock/finance?code=2501（取得 2026-10-05 08:51）。単位：百万円（EPSは円）
88,6479,ミネベアミツミ,プライム,電気機器,52,19,33,C,慎重候補,90,57.8,年間業績の成長,16379,17.7,3835.0,1.06,67.7,年間業績の成長=評価不能 四半期業績の成長=7 通期予想に対する進捗率=3 PER=9 PEGレシオ=0,200日線との関係=8 5日線と25日線のGC=9 5日線と25日線の乖離率=2 ローソク足・上昇力=2 出来高=3 レジスタンスライン=4 RSI(14)=5,IFRS：経常益は税引前利益 / 不明なデータあり / 季節性は過去の同時期と比較して確認,開示表題に該当なし（決算短信本文は未確認）,株探 決算ページ https://kabutan.jp/stock/finance?code=6479（取得 2026-10-05 08:55）。単位：百万円（EPSは円）
89,9072,ニッコンホールディングス,プライム,陸運業,52,14,38,C,慎重候補,100,52.0,,5722,25.2,4524.0,3.04,25.7,年間業績の成長=4 四半期業績の成長=1 通期予想に対する進捗率=0 PER=3 PEGレシオ=6,200日線との関係=8 5日線と25日線のGC=0 5日線と25日線の乖離率=2 ローソク足・上昇力=5 出来高=9 レジスタンスライン=7 RSI(14)=7,増収減益：利益率悪化に注意 / 季節性は過去の同時期と比較して確認,開示表題に該当なし（決算短信本文は未確認）,株探 決算ページ https://kabutan.jp/stock/finance?code=9072（取得 2026-10-05 08:43）。単位：百万円（EPSは円）
90,4626,太陽ホールディングス,プライム,化学,52,20,32,C,慎重候補,100,52.0,,5608,21.0,4800.0,1.26,58.4,年間業績の成長=2 四半期業績の成長=7 通期予想に対する進捗率=5 PER=6 PEGレシオ=0,200日線との関係=8 5日線と25日線のGC=9 5日線と25日線の乖離率=7 ローソク足・上昇力=0 出来高=0 レジスタンスライン=1 RSI(14)=7,季節性は過去の同時期と比較して確認,開示表題に該当なし（決算短信本文は未確認）,株探 決算ページ https://kabutan.jp/stock/finance?code=4626（取得 2026-10-05 08:59）。単位：百万円（EPSは円）
91,2429,ワールドホールディングス,プライム,サービス業,52,18,34,C,慎重候補,100,52.0,,514,7.2,2851.0,1.25,53.7,年間業績の成長=2 四半期業績の成長=1 通期予想に対する進捗率=0 PER=9 PEGレシオ=6,200日線との関係=8 5日線と25日線のGC=9 5日線と25日線の乖離率=7 ローソク足・上昇力=2 出来高=0 レジスタンスライン=1 RSI(14)=7,増収減益：利益率悪化に注意 / 季節性は過去の同時期と比較して確認 / PERが低すぎる：業績悪化・財務不安がないか確認,開示表題に該当なし（決算短信本文は未確認）,株探 決算ページ https://kabutan.jp/stock/finance?code=2429（取得 2026-10-05 08:52）。単位：百万円（EPSは円）
92,5214,日本電気硝子,プライム,ガラス・土石製品,52,14,38,C,慎重候補,100,52.0,,4529,24.4,5059.0,0.84,58.0,年間業績の成長=1 四半期業績の成長=0 通期予想に対する進捗率=7 PER=6 PEGレシオ=0,200日線との関係=8 5日線と25日線のGC=9 5日線と25日線の乖離率=7 ローソク足・上昇力=0 出来高=0 レジスタンスライン=7 RSI(14)=7,利益が赤字 / 季節性は過去の同時期と比較して確認,開示表題に該当なし（決算短信本文は未確認）,株探 決算ページ https://kabutan.jp/stock/finance?code=5214（取得 2026-10-05 08:44）。単位：百万円（EPSは円）
93,4570,免疫生物研究所,グロース,医薬品,52,19,33,C,慎重候補,100,52.0,,107,30.7,1145.0,0.82,52.5,年間業績の成長=2 四半期業績の成長=10 通期予想に対する進捗率=7 PER=0 PEGレシオ=0,200日線との関係=8 5日線と25日線のGC=6 5日線と25日線の乖離率=5 ローソク足・上昇力=0 出来高=0 レジスタンスライン=7 RSI(14)=7,季節性は過去の同時期と比較して確認,開示表題に該当なし（決算短信本文は未確認）,株探 決算ページ https://kabutan.jp/stock/finance?code=4570（取得 2026-10-05 08:56）。単位：百万円（EPSは円）
94,5302,日本カーボン,プライム,ガラス・土石製品,52,15,37,C,慎重候補,100,52.0,,612,20.2,5170.0,0.66,59.5,年間業績の成長=1 四半期業績の成長=1 通期予想に対する進捗率=7 PER=6 PEGレシオ=0,200日線との関係=8 5日線と25日線のGC=9 5日線と25日線の乖離率=7 ローソク足・上昇力=2 出来高=0 レジスタンスライン=4 RSI(14)=7,増収減益：利益率悪化に注意 / 季節性は過去の同時期と比較して確認,開示表題に該当なし（決算短信本文は未確認）,株探 決算ページ https://kabutan.jp/stock/finance?code=5302（取得 2026-10-05 08:46）。単位：百万円（EPSは円）
95,5032,ＡＮＹＣＯＬＯＲ,プライム,情報・通信業,52,18,34,C,慎重候補,100,52.0,,1873,14.1,3065.0,0.53,53.0,年間業績の成長=1 四半期業績の成長=1 通期予想に対する進捗率=7 PER=9 PEGレシオ=0,200日線との関係=8 5日線と25日線のGC=3 5日線と25日線の乖離率=7 ローソク足・上昇力=2 出来高=0 レジスタンスライン=7 RSI(14)=7,増収減益：利益率悪化に注意 / 増収減益：利益率悪化に注意 / 季節性は過去の同時期と比較して確認,開示表題に該当なし（決算短信本文は未確認）,株探 決算ページ https://kabutan.jp/stock/finance?code=5032（取得 2026-10-05 08:54）。単位：百万円（EPSは円）
96,9042,阪急阪神ホールディングス,プライム,陸運業,51,19,32,C,慎重候補,100,51.0,,11119,12.9,4421.0,2.13,38.9,年間業績の成長=1 四半期業績の成長=2 通期予想に対する進捗率=7 PER=9 PEGレシオ=0,200日線との関係=8 5日線と25日線のGC=0 5日線と25日線の乖離率=5 ローソク足・上昇力=2 出来高=9 レジスタンスライン=1 RSI(14)=7,増収減益：利益率悪化に注意 / 季節性は過去の同時期と比較して確認,開示表題に該当なし（決算短信本文は未確認）,株探 決算ページ https://kabutan.jp/stock/finance?code=9042（取得 2026-10-05 08:58）。単位：百万円（EPSは円）
97,5332,ＴＯＴＯ,プライム,ガラス・土石製品,51,14,37,C,慎重候補,100,51.0,,10143,21.8,6097.0,1.72,52.4,年間業績の成長=1 四半期業績の成長=1 通期予想に対する進捗率=0 PER=6 PEGレシオ=6,200日線との関係=8 5日線と25日線のGC=3 5日線と25日線の乖離率=7 ローソク足・上昇力=2 出来高=6 レジスタンスライン=4 RSI(14)=7,増収減益：利益率悪化に注意 / 増収減益：利益率悪化に注意 / 季節性は過去の同時期と比較して確認,開示表題に該当なし（決算短信本文は未確認）,株探 決算ページ https://kabutan.jp/stock/finance?code=5332（取得 2026-10-05 08:44）。単位：百万円（EPSは円）
98,6328,荏原実業,プライム,機械,51,19,32,C,慎重候補,100,51.0,,640,12.9,2474.0,1.1,59.2,年間業績の成長=2 四半期業績の成長=1 通期予想に対する進捗率=7 PER=9 PEGレシオ=0,200日線との関係=8 5日線と25日線のGC=9 5日線と25日線の乖離率=7 ローソク足・上昇力=0 出来高=0 レジスタンスライン=1 RSI(14)=7,季節性は過去の同時期と比較して確認,開示表題に該当なし（決算短信本文は未確認）,株探 決算ページ https://kabutan.jp/stock/finance?code=6328（取得 2026-10-05 09:00）。単位：百万円（EPSは円）
99,9759,ＮＳＤ,プライム,情報・通信業,51,18,33,C,慎重候補,100,51.0,,2563,16.9,2980.5,1.09,61.1,年間業績の成長=2 四半期業績の成長=4 通期予想に対する進捗率=3 PER=9 PEGレシオ=0,200日線との関係=8 5日線と25日線のGC=9 5日線と25日線の乖離率=7 ローソク足・上昇力=0 出来高=3 レジスタンスライン=1 RSI(14)=5,季節性は過去の同時期と比較して確認,開示表題に該当なし（決算短信本文は未確認）,株探 決算ページ https://kabutan.jp/stock/finance?code=9759（取得 2026-10-05 08:55）。単位：百万円（EPSは円）
100,5201,ＡＧＣ,プライム,ガラス・土石製品,51,17,34,C,慎重候補,100,51.0,,12500,15.9,5749.0,0.93,51.5,年間業績の成長=1 四半期業績の成長=1 通期予想に対する進捗率=0 PER=9 PEGレシオ=6,200日線との関係=8 5日線と25日線のGC=9 5日線と25日線の乖離率=7 ローソク足・上昇力=2 出来高=0 レジスタンスライン=1 RSI(14)=7,IFRS：経常益は税引前利益 / 増収減益：利益率悪化に注意 / 増収減益：利益率悪化に注意 / 季節性は過去の同時期と比較して確認,開示表題に該当なし（決算短信本文は未確認）,株探 決算ページ https://kabutan.jp/stock/finance?code=5201（取得 2026-10-05 08:53）。単位：百万円（EPSは円）
101,6361,荏原製作所,プライム,機械,51,18,33,C,慎重候補,100,51.0,,21505,21.5,4701.0,0.84,52.0,年間業績の成長=2 四半期業績の成長=1 通期予想に対する進捗率=0 PER=6 PEGレシオ=9,200日線との関係=8 5日線と25日線のGC=6 5日線と25日線の乖離率=5 ローソク足・上昇力=0 出来高=0 レジスタンスライン=7 RSI(14)=7,IFRS：経常益は税引前利益 / 増収減益：利益率悪化に注意 / 季節性は過去の同時期と比較して確認,開示表題に該当なし（決算短信本文は未確認）,株探 決算ページ https://kabutan.jp/stock/finance?code=6361（取得 2026-10-05 08:56）。単位：百万円（EPSは円）
102,8364,清水銀行,プライム,銀行業,50,18,32,C,慎重候補,73,68.5,年間業績の成長 四半期業績の成長 通期予想に対する進捗率,377,14.7,3240.0,1.9,56.9,年間業績の成長=評価不能 四半期業績の成長=評価不能 通期予想に対する進捗率=評価不能 PER=9 PEGレシオ=9,200日線との関係=3 5日線と25日線のGC=6 5日線と25日線の乖離率=7 ローソク足・上昇力=2 出来高=6 レジスタンスライン=1 RSI(14)=7,不明なデータあり / 不明なデータあり,開示表題に該当なし（決算短信本文は未確認）,株探 決算ページ https://kabutan.jp/stock/finance?code=8364（取得 2026-10-05 08:58）。単位：百万円（EPSは円）
103,8354,ふくおかフィナンシャルグループ,プライム,銀行業,50,18,32,C,慎重候補,73,68.5,年間業績の成長 四半期業績の成長 通期予想に対する進捗率,14888,14.7,7789.0,1.68,50.7,年間業績の成長=評価不能 四半期業績の成長=評価不能 通期予想に対する進捗率=評価不能 PER=9 PEGレシオ=9,200日線との関係=3 5日線と25日線のGC=6 5日線と25日線の乖離率=7 ローソク足・上昇力=2 出来高=6 レジスタンスライン=1 RSI(14)=7,不明なデータあり / 不明なデータあり,開示表題に該当なし（決算短信本文は未確認）,株探 決算ページ https://kabutan.jp/stock/finance?code=8354（取得 2026-10-05 08:58）。単位：百万円（EPSは円）
104,7611,ハイデイ日高,プライム,小売業,50,16,34,C,慎重候補,100,50.0,,1133,23.8,2971.0,2.56,55.1,年間業績の成長=1 四半期業績の成長=2 通期予想に対する進捗率=7 PER=6 PEGレシオ=0,200日線との関係=8 5日線と25日線のGC=0 5日線と25日線の乖離率=7 ローソク足・上昇力=2 出来高=9 レジスタンスライン=1 RSI(14)=7,増収減益：利益率悪化に注意 / 季節性は過去の同時期と比較して確認,開示表題に該当なし（決算短信本文は未確認）,株探 決算ページ https://kabutan.jp/stock/finance?code=7611（取得 2026-10-05 08:51）。単位：百万円（EPSは円）
105,7760,ＩＭＶ,スタンダード,精密機器,50,18,32,C,慎重候補,100,50.0,,360,18.3,2125.0,1.36,52.6,年間業績の成長=1 四半期業績の成長=1 通期予想に対する進捗率=7 PER=9 PEGレシオ=0,200日線との関係=8 5日線と25日線のGC=6 5日線と25日線の乖離率=7 ローソク足・上昇力=0 出来高=3 レジスタンスライン=1 RSI(14)=7,増収減益：利益率悪化に注意 / 増収減益：利益率悪化に注意 / 季節性は過去の同時期と比較して確認,開示表題に該当なし（決算短信本文は未確認）,株探 決算ページ https://kabutan.jp/stock/finance?code=7760（取得 2026-10-05 08:58）。単位：百万円（EPSは円）
106,9843,ニトリホールディングス,プライム,小売業,50,17,33,C,慎重候補,100,50.0,,17218,18.7,3009.0,0.91,48.1,年間業績の成長=2 四半期業績の成長=1 通期予想に対する進捗率=5 PER=9 PEGレシオ=0,200日線との関係=6 5日線と25日線のGC=0 5日線と25日線の乖離率=5 ローソク足・上昇力=8 出来高=0 レジスタンスライン=7 RSI(14)=7,IFRS：経常益は税引前利益 / 季節性は過去の同時期と比較して確認,開示表題に該当なし（決算短信本文は未確認）,株探 決算ページ https://kabutan.jp/stock/finance?code=9843（取得 2026-10-05 08:56）。単位：百万円（EPSは円）
107,8052,椿本興業,プライム,卸売業,50,15,35,C,慎重候補,100,50.0,,583,10.4,2993.0,0.75,61.7,年間業績の成長=2 四半期業績の成長=1 通期予想に対する進捗率=0 PER=9 PEGレシオ=3,200日線との関係=8 5日線と25日線のGC=9 5日線と25日線の乖離率=7 ローソク足・上昇力=5 出来高=0 レジスタンスライン=1 RSI(14)=5,季節性は過去の同時期と比較して確認,開示表題に該当なし（決算短信本文は未確認）,株探 決算ページ https://kabutan.jp/stock/finance?code=8052（取得 2026-10-05 08:49）。単位：百万円（EPSは円）
108,4975,ＪＣＵ,プライム,化学,50,14,36,C,慎重候補,100,50.0,,1560,16.6,5950.0,0.62,57.0,年間業績の成長=1 四半期業績の成長=1 通期予想に対する進捗率=3 PER=9 PEGレシオ=0,200日線との関係=8 5日線と25日線のGC=9 5日線と25日線の乖離率=5 ローソク足・上昇力=0 出来高=0 レジスタンスライン=7 RSI(14)=7,増収減益：利益率悪化に注意 / 増収減益：利益率悪化に注意 / 季節性は過去の同時期と比較して確認,開示表題に該当なし（決算短信本文は未確認）,株探 決算ページ https://kabutan.jp/stock/finance?code=4975（取得 2026-10-05 08:47）。単位：百万円（EPSは円）
109,2413,エムスリー,プライム,サービス業,49,12,37,D,見送り候補,100,49.0,,11905,22.0,1753.0,1.33,49.5,年間業績の成長=2 四半期業績の成長=1 通期予想に対する進捗率=3 PER=6 PEGレシオ=0,200日線との関係=8 5日線と25日線のGC=6 5日線と25日線の乖離率=7 ローソク足・上昇力=2 出来高=0 レジスタンスライン=7 RSI(14)=7,IFRS：経常益は税引前利益 / 増収減益：利益率悪化に注意 / 季節性は過去の同時期と比較して確認,開示表題に該当なし（決算短信本文は未確認）,株探 決算ページ https://kabutan.jp/stock/finance?code=2413（取得 2026-10-05 08:45）。単位：百万円（EPSは円）
110,5706,三井金属,プライム,非鉄金属,49,17,32,D,見送り候補,100,49.0,,14662,18.3,2553.5,1.33,51.2,年間業績の成長=1 四半期業績の成長=4 通期予想に対する進捗率=3 PER=9 PEGレシオ=0,200日線との関係=8 5日線と25日線のGC=0 5日線と25日線の乖離率=5 ローソク足・上昇力=2 出来高=3 レジスタンスライン=7 RSI(14)=7,増収減益：利益率悪化に注意 / 黒字転換の指標は「プラス」として扱った / 季節性は過去の同時期と比較して確認,開示表題に該当なし（決算短信本文は未確認）,株探 決算ページ https://kabutan.jp/stock/finance?code=5706（取得 2026-10-05 08:59）。単位：百万円（EPSは円）
111,6590,芝浦メカトロニクス,プライム,電気機器,49,9,40,D,見送り候補,100,49.0,,2976,23.5,4260.0,0.77,58.4,年間業績の成長=2 四半期業績の成長=1 通期予想に対する進捗率=0 PER=6 PEGレシオ=0,200日線との関係=8 5日線と25日線のGC=9 5日線と25日線の乖離率=7 ローソク足・上昇力=2 出来高=0 レジスタンスライン=7 RSI(14)=7,季節性は過去の同時期と比較して確認,開示表題に該当なし（決算短信本文は未確認）,株探 決算ページ https://kabutan.jp/stock/finance?code=6590（取得 2026-10-05 08:41）。単位：百万円（EPSは円）
112,8131,ミツウロコグループホールディングス,スタンダード,卸売業,48,15,33,D,見送り候補,100,48.0,,1400,22.3,2454.0,0.75,54.6,年間業績の成長=1 四半期業績の成長=1 通期予想に対する進捗率=7 PER=6 PEGレシオ=0,200日線との関係=6 5日線と25日線のGC=6 5日線と25日線の乖離率=7 ローソク足・上昇力=0 出来高=0 レジスタンスライン=7 RSI(14)=7,増収減益：利益率悪化に注意 / 増収減益：利益率悪化に注意 / 季節性は過去の同時期と比較して確認,開示表題に該当なし（決算短信本文は未確認）,株探 決算ページ https://kabutan.jp/stock/finance?code=8131（取得 2026-10-05 08:56）。単位：百万円（EPSは円）
113,6356,日本ギア工業,スタンダード,機械,47,12,35,D,見送り候補,100,47.0,,193,11.0,1355.0,0.15,48.9,年間業績の成長=2 四半期業績の成長=1 通期予想に対する進捗率=0 PER=9 PEGレシオ=0,200日線との関係=8 5日線と25日線のGC=6 5日線と25日線の乖離率=7 ローソク足・上昇力=0 出来高=0 レジスタンスライン=7 RSI(14)=7,季節性は過去の同時期と比較して確認,開示表題に該当なし（決算短信本文は未確認）,株探 決算ページ https://kabutan.jp/stock/finance?code=6356（取得 2026-10-05 08:50）。単位：百万円（EPSは円）
114,7157,ライフネット生命保険,プライム,保険業,46,9,37,D,見送り候補,73,63.0,年間業績の成長 四半期業績の成長 通期予想に対する進捗率,1174,14.3,1461.0,1.44,49.7,年間業績の成長=評価不能 四半期業績の成長=評価不能 通期予想に対する進捗率=評価不能 PER=9 PEGレシオ=0,200日線との関係=8 5日線と25日線のGC=6 5日線と25日線の乖離率=7 ローソク足・上昇力=2 出来高=0 レジスタンスライン=7 RSI(14)=7,IFRS：経常益は税引前利益 / 不明なデータあり / 不明なデータあり,開示表題に該当なし（決算短信本文は未確認）,株探 決算ページ https://kabutan.jp/stock/finance?code=7157（取得 2026-10-05 08:45）。単位：百万円（EPSは円）
115,7059,コプロ・ホールディングス,プライム,サービス業,46,11,35,D,見送り候補,100,46.0,,381,22.0,953.0,0.99,56.3,年間業績の成長=1 四半期業績の成長=1 通期予想に対する進捗率=3 PER=6 PEGレシオ=0,200日線との関係=8 5日線と25日線のGC=6 5日線と25日線の乖離率=7 ローソク足・上昇力=0 出来高=0 レジスタンスライン=7 RSI(14)=7,増収減益：利益率悪化に注意 / 増収減益：利益率悪化に注意 / 季節性は過去の同時期と比較して確認,開示表題に該当なし（決算短信本文は未確認）,株探 決算ページ https://kabutan.jp/stock/finance?code=7059（取得 2026-10-05 08:49）。単位：百万円（EPSは円）
116,3038,神戸物産,プライム,卸売業,46,11,35,D,見送り候補,100,46.0,,8194,21.8,2995.0,0.59,52.2,年間業績の成長=1 四半期業績の成長=1 通期予想に対する進捗率=3 PER=6 PEGレシオ=0,200日線との関係=8 5日線と25日線のGC=9 5日線と25日線の乖離率=7 ローソク足・上昇力=0 出来高=0 レジスタンスライン=4 RSI(14)=7,増収減益：利益率悪化に注意 / 増収減益：利益率悪化に注意 / 季節性は過去の同時期と比較して確認,開示表題に該当なし（決算短信本文は未確認）,株探 決算ページ https://kabutan.jp/stock/finance?code=3038（取得 2026-10-05 08:50）。単位：百万円（EPSは円）
117,6104,芝浦機械,プライム,機械,45,10,35,D,見送り候補,100,45.0,,1219,58.1,4910.0,2.07,73.4,年間業績の成長=1 四半期業績の成長=0 通期予想に対する進捗率=0 PER=0 PEGレシオ=9,200日線との関係=6 5日線と25日線のGC=9 5日線と25日線の乖離率=2 ローソク足・上昇力=2 出来高=9 レジスタンスライン=4 RSI(14)=3,増収減益：利益率悪化に注意 / 利益が赤字 / 季節性は過去の同時期と比較して確認,開示表題に該当なし（決算短信本文は未確認）,株探 決算ページ https://kabutan.jp/stock/finance?code=6104（取得 2026-10-05 08:48）。単位：百万円（EPSは円）
118,7741,ＨＯＹＡ,プライム,精密機器,44,7,37,D,見送り候補,65,67.7,年間業績の成長 通期予想に対する進捗率 PER PEGレシオ,80964,,24180.0,0.86,54.7,年間業績の成長=評価不能 四半期業績の成長=7 通期予想に対する進捗率=評価不能 PER=評価不能 PEGレシオ=評価不能,200日線との関係=8 5日線と25日線のGC=6 5日線と25日線の乖離率=7 ローソク足・上昇力=8 出来高=0 レジスタンスライン=1 RSI(14)=7,IFRS：経常益は税引前利益 / 不明なデータあり,開示表題に該当なし（決算短信本文は未確認）,株探 決算ページ https://kabutan.jp/stock/finance?code=7741（取得 2026-10-05 08:46）。単位：百万円（EPSは円）
119,9960,東テク,プライム,卸売業,44,12,32,D,見送り候補,100,44.0,,1758,12.5,4190.0,1.18,55.5,年間業績の成長=2 四半期業績の成長=1 通期予想に対する進捗率=0 PER=9 PEGレシオ=0,200日線との関係=8 5日線と25日線のGC=6 5日線と25日線の乖離率=7 ローソク足・上昇力=0 出来高=0 レジスタンスライン=4 RSI(14)=7,増収減益：利益率悪化に注意 / 季節性は過去の同時期と比較して確認,開示表題に該当なし（決算短信本文は未確認）,株探 決算ページ https://kabutan.jp/stock/finance?code=9960（取得 2026-10-05 08:59）。単位：百万円（EPSは円）
120,6146,ディスコ,プライム,機械,43,10,33,D,見送り候補,65,66.2,年間業績の成長 通期予想に対する進捗率 PER PEGレシオ,65429,,60290.0,1.09,61.3,年間業績の成長=評価不能 四半期業績の成長=10 通期予想に対する進捗率=評価不能 PER=評価不能 PEGレシオ=評価不能,200日線との関係=8 5日線と25日線のGC=6 5日線と25日線の乖離率=5 ローソク足・上昇力=2 出来高=0 レジスタンスライン=7 RSI(14)=5,不明なデータあり,開示表題に該当なし（決算短信本文は未確認）,株探 決算ページ https://kabutan.jp/stock/finance?code=6146（取得 2026-10-05 08:55）。単位：百万円（EPSは円）
121,285A,キオクシアホールディングス,プライム,電気機器,43,10,33,D,見送り候補,65,66.2,年間業績の成長 通期予想に対する進捗率 PER PEGレシオ,317662,,19300.0,0.5,56.5,年間業績の成長=評価不能 四半期業績の成長=10 通期予想に対する進捗率=評価不能 PER=評価不能 PEGレシオ=評価不能,200日線との関係=0 5日線と25日線のGC=9 5日線と25日線の乖離率=5 ローソク足・上昇力=5 出来高=0 レジスタンスライン=7 RSI(14)=7,IFRS：経常益は税引前利益 / 不明なデータあり,開示表題に該当なし（決算短信本文は未確認）,株探 決算ページ https://kabutan.jp/stock/finance?code=285A（取得 2026-10-05 08:57）。単位：百万円（EPSは円）
122,6145,ＮＩＴＴＯＫＵ,スタンダード,機械,43,11,32,D,見送り候補,100,43.0,,515,14.6,2847.0,1.13,71.1,年間業績の成長=1 四半期業績の成長=1 通期予想に対する進捗率=0 PER=9 PEGレシオ=0,200日線との関係=6 5日線と25日線のGC=9 5日線と25日線の乖離率=2 ローソク足・上昇力=2 出来高=3 レジスタンスライン=7 RSI(14)=3,増収減益：利益率悪化に注意 / 増収減益：利益率悪化に注意 / 季節性は過去の同時期と比較して確認,開示表題に該当なし（決算短信本文は未確認）,株探 決算ページ https://kabutan.jp/stock/finance?code=6145（取得 2026-10-05 08:59）。単位：百万円（EPSは円）
123,7745,Ａ＆Ｄホロンホールディングス,プライム,精密機器,43,11,32,D,見送り候補,100,43.0,,808,17.7,2900.0,1.13,49.8,年間業績の成長=1 四半期業績の成長=1 通期予想に対する進捗率=0 PER=9 PEGレシオ=0,200日線との関係=8 5日線と25日線のGC=6 5日線と25日線の乖離率=7 ローソク足・上昇力=0 出来高=0 レジスタンスライン=4 RSI(14)=7,季節性は過去の同時期と比較して確認,開示表題に該当なし（決算短信本文は未確認）,株探 決算ページ https://kabutan.jp/stock/finance?code=7745（取得 2026-10-05 09:00）。単位：百万円（EPSは円）
124,4483,ＪＭＤＣ,プライム,情報・通信業,43,9,34,D,見送り候補,100,43.0,,2372,33.4,3625.0,0.9,55.2,年間業績の成長=2 四半期業績の成長=7 通期予想に対する進捗率=0 PER=0 PEGレシオ=0,200日線との関係=8 5日線と25日線のGC=9 5日線と25日線の乖離率=7 ローソク足・上昇力=2 出来高=0 レジスタンスライン=1 RSI(14)=7,IFRS：経常益は税引前利益 / 季節性は過去の同時期と比較して確認,開示表題に該当なし（決算短信本文は未確認）,株探 決算ページ https://kabutan.jp/stock/finance?code=4483（取得 2026-10-05 08:53）。単位：百万円（EPSは円）
125,6841,横河電機,プライム,電気機器,43,9,34,D,見送り候補,100,43.0,,12106,20.0,4707.0,0.85,42.6,年間業績の成長=2 四半期業績の成長=1 通期予想に対する進捗率=0 PER=6 PEGレシオ=0,200日線との関係=8 5日線と25日線のGC=0 5日線と25日線の乖離率=7 ローソク足・上昇力=8 出来高=0 レジスタンスライン=4 RSI(14)=7,増収減益：利益率悪化に注意 / 季節性は過去の同時期と比較して確認,開示表題に該当なし（決算短信本文は未確認）,株探 決算ページ https://kabutan.jp/stock/finance?code=6841（取得 2026-10-05 08:54）。単位：百万円（EPSは円）
126,4259,エクサウィザーズ,グロース,情報・通信業,42,7,35,D,見送り候補,72,58.3,年間業績の成長 PER PEGレシオ,828,,853.0,0.63,50.1,年間業績の成長=評価不能 四半期業績の成長=7 通期予想に対する進捗率=0 PER=評価不能 PEGレシオ=評価不能,200日線との関係=8 5日線と25日線のGC=6 5日線と25日線の乖離率=7 ローソク足・上昇力=0 出来高=0 レジスタンスライン=7 RSI(14)=7,不明なデータあり / 季節性は過去の同時期と比較して確認,開示表題に該当なし（決算短信本文は未確認）,株探 決算ページ https://kabutan.jp/stock/finance?code=4259（取得 2026-10-05 08:50）。単位：百万円（EPSは円）
127,6701,日本電気,プライム,電気機器,41,7,34,D,見送り候補,65,63.1,年間業績の成長 通期予想に対する進捗率 PER PEGレシオ,67026,,4913.0,0.9,57.7,年間業績の成長=評価不能 四半期業績の成長=7 通期予想に対する進捗率=評価不能 PER=評価不能 PEGレシオ=評価不能,200日線との関係=8 5日線と25日線のGC=9 5日線と25日線の乖離率=7 ローソク足・上昇力=2 出来高=0 レジスタンスライン=1 RSI(14)=7,IFRS：経常益は税引前利益 / 不明なデータあり,開示表題に該当なし（決算短信本文は未確認）,株探 決算ページ https://kabutan.jp/stock/finance?code=6701（取得 2026-10-05 08:53）。単位：百万円（EPSは円）
128,3993,ＰＫＳＨＡ　Ｔｅｃｈｎｏｌｏｇｙ,プライム,情報・通信業,41,7,34,D,見送り候補,83,49.4,年間業績の成長 通期予想に対する進捗率,1045,35.2,3270.0,0.64,58.2,年間業績の成長=評価不能 四半期業績の成長=7 通期予想に対する進捗率=評価不能 PER=0 PEGレシオ=0,200日線との関係=8 5日線と25日線のGC=9 5日線と25日線の乖離率=7 ローソク足・上昇力=2 出来高=0 レジスタンスライン=1 RSI(14)=7,IFRS：経常益は税引前利益 / 不明なデータあり,開示表題に該当なし（決算短信本文は未確認）,株探 決算ページ https://kabutan.jp/stock/finance?code=3993（取得 2026-10-05 09:01）。単位：百万円（EPSは円）
129,5344,ＭＡＲＵＷＡ,プライム,ガラス・土石製品,40,4,36,D,見送り候補,72,55.6,年間業績の成長 PER PEGレシオ,7219,,58350.0,1.01,57.8,年間業績の成長=評価不能 四半期業績の成長=4 通期予想に対する進捗率=0 PER=評価不能 PEGレシオ=評価不能,200日線との関係=8 5日線と25日線のGC=9 5日線と25日線の乖離率=5 ローソク足・上昇力=0 出来高=0 レジスタンスライン=7 RSI(14)=7,不明なデータあり / 季節性は過去の同時期と比較して確認,開示表題に該当なし（決算短信本文は未確認）,株探 決算ページ https://kabutan.jp/stock/finance?code=5344（取得 2026-10-05 08:47）。単位：百万円（EPSは円）
130,2315,ＣＡＩＣＡ　ＤＩＧＩＴＡＬ,スタンダード,情報・通信業,40,8,32,D,見送り候補,100,40.0,,123,136.0,68.0,1.03,53.0,年間業績の成長=1 四半期業績の成長=0 通期予想に対する進捗率=7 PER=0 PEGレシオ=0,200日線との関係=8 5日線と25日線のGC=9 5日線と25日線の乖離率=7 ローソク足・上昇力=0 出来高=0 レジスタンスライン=1 RSI(14)=7,増収減益：利益率悪化に注意 / 利益が赤字 / 季節性は過去の同時期と比較して確認,開示表題に該当なし（決算短信本文は未確認）,株探 決算ページ https://kabutan.jp/stock/finance?code=2315（取得 2026-10-05 09:00）。単位：百万円（EPSは円）
131,7777,スリー・ディー・マトリックス,グロース,精密機器,40,7,33,D,見送り候補,100,40.0,,538,33.9,420.0,0.31,57.4,年間業績の成長=1 四半期業績の成長=1 通期予想に対する進捗率=5 PER=0 PEGレシオ=0,200日線との関係=8 5日線と25日線のGC=9 5日線と25日線の乖離率=2 ローソク足・上昇力=0 出来高=0 レジスタンスライン=7 RSI(14)=7,増収減益：利益率悪化に注意 / 増収減益：利益率悪化に注意 / 季節性は過去の同時期と比較して確認,解消済み：2026-06-11 「継続企業の前提に関する注記」の記載解消に関するお知らせ,株探 決算ページ https://kabutan.jp/stock/finance?code=7777（取得 2026-10-05 08:57）。単位：百万円（EPSは円）
132,4165,プレイド,グロース,情報・通信業,39,1,38,D,見送り候補,65,60.0,年間業績の成長 通期予想に対する進捗率 PER PEGレシオ,292,,707.0,0.78,58.7,年間業績の成長=評価不能 四半期業績の成長=1 通期予想に対する進捗率=評価不能 PER=評価不能 PEGレシオ=評価不能,200日線との関係=6 5日線と25日線のGC=9 5日線と25日線の乖離率=7 ローソク足・上昇力=5 出来高=0 レジスタンスライン=4 RSI(14)=7,累計（25.10-06）が今期予想の期と一致しないため進捗率は評価不能 / 増収減益：利益率悪化に注意,開示表題に該当なし（決算短信本文は未確認）,株探 決算ページ https://kabutan.jp/stock/finance?code=4165（取得 2026-10-05 08:44）。単位：百万円（EPSは円）
133,6723,ルネサスエレクトロニクス,プライム,電気機器,38,2,36,D,見送り候補,65,58.5,年間業績の成長 通期予想に対する進捗率 PER PEGレシオ,66874,,3575.0,1.03,56.9,年間業績の成長=評価不能 四半期業績の成長=2 通期予想に対する進捗率=評価不能 PER=評価不能 PEGレシオ=評価不能,200日線との関係=8 5日線と25日線のGC=9 5日線と25日線の乖離率=5 ローソク足・上昇力=0 出来高=0 レジスタンスライン=7 RSI(14)=7,IFRS：経常益は税引前利益 / 不明なデータあり / 黒字転換の指標は「プラス」として扱った,開示表題に該当なし（決算短信本文は未確認）,株探 決算ページ https://kabutan.jp/stock/finance?code=6723（取得 2026-10-05 08:46）。単位：百万円（EPSは円）
134,3436,ＳＵＭＣＯ,プライム,金属製品,37,0,37,D,見送り候補,65,56.9,年間業績の成長 通期予想に対する進捗率 PER PEGレシオ,12564,,3588.0,1.05,61.4,年間業績の成長=評価不能 四半期業績の成長=0 通期予想に対する進捗率=評価不能 PER=評価不能 PEGレシオ=評価不能,200日線との関係=0 5日線と25日線のGC=9 5日線と25日線の乖離率=5 ローソク足・上昇力=8 出来高=3 レジスタンスライン=7 RSI(14)=5,不明なデータあり / 利益が赤字,開示表題に該当なし（決算短信本文は未確認）,株探 決算ページ https://kabutan.jp/stock/finance?code=3436（取得 2026-10-05 08:45）。単位：百万円（EPSは円）
135,4686,ジャストシステム,プライム,情報・通信業,37,1,36,D,見送り候補,65,56.9,年間業績の成長 通期予想に対する進捗率 PER PEGレシオ,2874,,4475.0,0.95,66.4,年間業績の成長=評価不能 四半期業績の成長=1 通期予想に対する進捗率=評価不能 PER=評価不能 PEGレシオ=評価不能,200日線との関係=8 5日線と25日線のGC=9 5日線と25日線の乖離率=5 ローソク足・上昇力=2 出来高=0 レジスタンスライン=7 RSI(14)=5,不明なデータあり,開示表題に該当なし（決算短信本文は未確認）,株探 決算ページ https://kabutan.jp/stock/finance?code=4686（取得 2026-10-05 08:47）。単位：百万円（EPSは円）
136,5031,モイ,グロース,情報・通信業,37,1,36,D,見送り候補,72,51.4,年間業績の成長 PER PEGレシオ,67,,386.0,0.4,55.8,年間業績の成長=評価不能 四半期業績の成長=1 通期予想に対する進捗率=0 PER=評価不能 PEGレシオ=評価不能,200日線との関係=6 5日線と25日線のGC=9 5日線と25日線の乖離率=5 ローソク足・上昇力=2 出来高=0 レジスタンスライン=7 RSI(14)=7,不明なデータあり / 季節性は過去の同時期と比較して確認,開示表題に該当なし（決算短信本文は未確認）,株探 決算ページ https://kabutan.jp/stock/finance?code=5031（取得 2026-10-05 08:47）。単位：百万円（EPSは円）
137,6993,大黒屋ホールディングス,スタンダード,小売業,37,4,33,D,見送り候補,91,40.7,PEGレシオ,668,112.5,90.0,0.53,51.4,年間業績の成長=2 四半期業績の成長=2 通期予想に対する進捗率=0 PER=0 PEGレシオ=評価不能,200日線との関係=8 5日線と25日線のGC=6 5日線と25日線の乖離率=5 ローソク足・上昇力=0 出来高=0 レジスタンスライン=7 RSI(14)=7,黒字転換の指標は「プラス」として扱った / 黒字転換の指標は「プラス」として扱った / 季節性は過去の同時期と比較して確認,開示表題に該当なし（決算短信本文は未確認）,株探 決算ページ https://kabutan.jp/stock/finance?code=6993（取得 2026-10-05 08:57）。単位：百万円（EPSは円）
138,6707,サンケン電気,プライム,電気機器,36,2,34,D,見送り候補,91,39.6,PEGレシオ,1454,139.0,6948.0,1.32,43.3,年間業績の成長=2 四半期業績の成長=0 通期予想に対する進捗率=0 PER=0 PEGレシオ=評価不能,200日線との関係=8 5日線と25日線のGC=6 5日線と25日線の乖離率=7 ローソク足・上昇力=2 出来高=0 レジスタンスライン=4 RSI(14)=7,黒字転換の指標は「プラス」として扱った / 利益が赤字 / 季節性は過去の同時期と比較して確認,開示表題に該当なし（決算短信本文は未確認）,株探 決算ページ https://kabutan.jp/stock/finance?code=6707（取得 2026-10-05 08:52）。単位：百万円（EPSは円）
139,268A,リガク・ホールディングス,プライム,精密機器,36,3,33,D,見送り候補,100,36.0,,4067,32.5,1795.0,0.79,54.9,年間業績の成長=2 四半期業績の成長=1 通期予想に対する進捗率=0 PER=0 PEGレシオ=0,200日線との関係=8 5日線と25日線のGC=9 5日線と25日線の乖離率=2 ローソク足・上昇力=0 出来高=0 レジスタンスライン=7 RSI(14)=7,IFRS：経常益は税引前利益 / 増収減益：利益率悪化に注意 / 季節性は過去の同時期と比較して確認,開示表題に該当なし（決算短信本文は未確認）,株探 決算ページ https://kabutan.jp/stock/finance?code=268A（取得 2026-10-05 08:56）。単位：百万円（EPSは円）
140,5310,東洋炭素,プライム,ガラス・土石製品,36,2,34,D,見送り候補,100,36.0,,1640,32.8,7810.0,0.72,66.1,年間業績の成長=1 四半期業績の成長=1 通期予想に対する進捗率=0 PER=0 PEGレシオ=0,200日線との関係=3 5日線と25日線のGC=9 5日線と25日線の乖離率=2 ローソク足・上昇力=8 出来高=0 レジスタンスライン=7 RSI(14)=5,増収減益：利益率悪化に注意 / 増収減益：利益率悪化に注意 / 季節性は過去の同時期と比較して確認,開示表題に該当なし（決算短信本文は未確認）,株探 決算ページ https://kabutan.jp/stock/finance?code=5310（取得 2026-10-05 08:54）。単位：百万円（EPSは円）
141,3444,菊池製作所,スタンダード,金属製品,35,2,33,D,見送り候補,100,35.0,,138,99.0,1119.0,0.22,54.8,年間業績の成長=2 四半期業績の成長=0 通期予想に対する進捗率=0 PER=0 PEGレシオ=0,200日線との関係=6 5日線と25日線のGC=9 5日線と25日線の乖離率=5 ローソク足・上昇力=5 出来高=0 レジスタンスライン=1 RSI(14)=7,黒字転換の指標は「プラス」として扱った / 利益が赤字 / 季節性は過去の同時期と比較して確認,開示表題に該当なし（決算短信本文は未確認）,株探 決算ページ https://kabutan.jp/stock/finance?code=3444（取得 2026-10-05 08:58）。単位：百万円（EPSは円）
142,4819,デジタルガレージ,プライム,情報・通信業,33,0,33,D,見送り候補,55,60.0,年間業績の成長 四半期業績の成長 通期予想に対する進捗率 PER PEGレシオ,1179,,2457.0,0.92,63.1,年間業績の成長=評価不能 四半期業績の成長=評価不能 通期予想に対する進捗率=評価不能 PER=評価不能 PEGレシオ=評価不能,200日線との関係=8 5日線と25日線のGC=9 5日線と25日線の乖離率=2 ローソク足・上昇力=2 出来高=0 レジスタンスライン=7 RSI(14)=5,IFRS：経常益は税引前利益 / 不明なデータあり / 不明なデータあり,開示表題に該当なし（決算短信本文は未確認）,株探 決算ページ https://kabutan.jp/stock/finance?code=4819（取得 2026-10-05 08:55）。単位：百万円（EPSは円）
143,4564,オンコセラピー・サイエンス,グロース,医薬品,32,0,32,D,見送り候補,65,49.2,年間業績の成長 通期予想に対する進捗率 PER PEGレシオ,86,,21.0,1.44,48.6,年間業績の成長=評価不能 四半期業績の成長=0 通期予想に対する進捗率=評価不能 PER=評価不能 PEGレシオ=評価不能,200日線との関係=8 5日線と25日線のGC=0 5日線と25日線の乖離率=5 ローソク足・上昇力=8 出来高=3 レジスタンスライン=1 RSI(14)=7,不明なデータあり / 利益が赤字,解消済み：2025-11-07 「継続企業の前提に関する注記」の記載解消に関するお知らせ,株探 決算ページ https://kabutan.jp/stock/finance?code=4564（取得 2026-10-05 08:58）。単位：百万円（EPSは円）
