コード,銘柄名,強い株スコア,直近四半期,営業増益率%,前四半期の営業増益率%
3131,シンデン・ハイテックス,98.8,2026-06,400.0,-38.3
6918,アバールデータ,93.2,2026-06,336.8,-31.4
6337,テセック,89.7,2026-06,100.0,-31.9
7433,伯東,87.5,2026-06,167.0,-47.7
6730,アクセル,86.7,2026-06,-5.8,19.3
6724,セイコーエプソン,83.8,2026-06,46.1,-172.4
7846,パイロットコーポレーション,83.0,2026-06,36.1,-10.4
2121,ＭＩＸＩ,81.0,2026-06,102.6,-5.0
5027,ＡｎｙＭｉｎｄ　Ｇｒｏｕｐ,80.2,2026-06,93.3,-35.2
9831,ヤマダホールディングス,79.5,2026-06,16.4,-641.5
7366,ＬＩＴＡＬＩＣＯ,78.2,2026-06,52.3,-2.1
2767,円谷フィールズホールディングス,78.2,2026-06,-11.9,-118.3
3106,倉敷紡績,78.0,2026-06,31.9,-13.0
7510,たけびし,77.3,2026-06,49.0,-12.0
7613,シークス,76.8,2026-06,49.7,-5.3
6258,平田機工,75.8,2026-06,126.3,-32.1
4849,エン,75.8,2026-06,10.5,-59.6
1518,三井松島ホールディングス,75.2,2026-06,8.0,-2.1
6473,ジェイテクト,75.1,2026-06,68.9,-476.8
8848,レオパレス２１,75.0,2026-06,-1.6,93.7
7743,シード,74.8,2026-06,-2.1,-50.5
6340,澁谷工業,74.0,2026-06,58.1,-4.0
6525,ＫＯＫＵＳＡＩ　ＥＬＥＣＴＲＩＣ,73.9,2026-06,63.6,-19.7
3864,三菱製紙,72.9,2026-06,100.0,-37.2
8103,明和産業,72.1,2026-06,-2.8,15.1
5301,東海カーボン,71.4,2026-06,30.7,-8.9
9722,藤田観光,71.1,2026-06,-6.1,-12.2
7715,長野計器,71.0,2026-06,51.1,-3.8
4064,日本カーバイド工業,70.8,2026-06,7.8,-11.5
7236,ティラド,70.4,2026-06,-8.4,-30.6
7752,リコー,70.4,2026-06,279.4,-29.4
6351,鶴見製作所,70.2,2026-06,-5.0,-8.5
4189,ＫＨネオケム,70.2,2026-06,63.9,-22.9
3276,ＪＰＭＣ,69.9,2026-06,-6.5,16.2
367A,プリモグローバルホールディングス,69.4,2026-05,-22.9,19.7
8022,美津濃,68.9,2026-06,33.1,-2.3
3676,デジタルハーツホールディングス,68.7,2026-06,-11.9,-51.9
7267,本田技研工業,68.4,2026-06,120.8,-1542.9
6994,指月電機製作所,68.1,2026-06,108.6,-21.4
6058,ベクトル,67.6,2026-05,87.6,-52.2
7740,タムロン,67.3,2026-06,-14.5,-18.9
8032,日本紙パルプ商事,67.3,2026-06,29.6,-10.1
6737,ＥＩＺＯ,65.8,2026-06,100.0,-31.8
6810,マクセル,64.8,2026-06,44.9,-74.0
135A,ＶＲＡＩＮ　Ｓｏｌｕｔｉｏｎ,64.5,2026-05,-100.0,105.4
6676,ＢＵＦＦＡＬＯ,64.3,2026-06,-3.4,-31.8
6194,アトラエ,64.2,2026-06,-18.7,24.8
5985,サンコール,64.2,2026-06,-23.3,14.8
5975,東プレ,64.0,2026-06,39.8,-15.0
9697,カプコン,64.0,2026-06,67.1,-39.7
