買い時順,強い株順位,コード,銘柄名,市場,業種,強い株スコア,強さ点,ファンダ点,継続,6か月上昇率%,52週高値比%,買い時点,買い時内訳,区分,待つ理由,200日線乖離%,直近20日%,25日線乖離%,RSI,25日線,200日線,最も近い抵抗線,次回決算,予想PER,時価総額_億円,終値,注意,ファンダ内訳,継続企業,業績判定,直近四半期,直近四半期の営業増益率%,前四半期の営業増益率%,買い時順
1,48,7272,ヤマハ発動機,プライム,輸送用機器,76.4,81.7,32,○,61.4,-9.2,90,直近20日30 25日線25 高値から10 上値余地15 5日線10,検討しやすい位置,,35.6,-4.8,-0.9,51.7,1821.9,1330.7,"最も近い抵抗：1,987.0円（+10.1%・52週高値）",,10.3,18377,1805.0,純利益+955%・実績PER109倍は前期が低水準だったため（PEGが極端に低く出ている） / IFRS：経常益は税引前利益 / 不明なデータあり / 季節性は過去の同時期と比較して確認,年間業績の成長=評価不能 四半期業績の成長=7 通期予想に対する進捗率=7 PER=9 PEGレシオ=9,開示表題に該当なし（決算短信本文は未確認）,2四半期連続増益,2026-06,136.5,43.6,1
2,54,6952,カシオ計算機,プライム,電気機器,75.1,76.9,33,,55.8,-11.7,90,直近20日30 25日線25 高値から10 上値余地15 5日線10,検討しやすい位置,,29.5,-7.9,0.9,54.7,2221.5,1729.7,"最も近い抵抗：2,536.0円（+13.2%・52週高値）",2026-11-12,20.9,5128,2240.5,季節性は過去の同時期と比較して確認,年間業績の成長=4 四半期業績の成長=7 通期予想に対する進捗率=7 PER=6 PEGレシオ=9,開示表題に該当なし（決算短信本文は未確認）,2四半期連続増益,2026-06,243.2,63.1,2
3,7,6080,Ｍ＆Ａキャピタルパートナーズ,プライム,サービス業,90.1,89.0,41,○,45.9,-2.6,83,直近20日25 25日線25 高値から20 上値余地3 5日線10,検討しやすい位置,,20.2,4.0,2.1,59.1,4197.6,3565.0,"最も近い抵抗：4,400.0円（+2.7%・52週高値）",2026-10-30,17.7,1362,4285.0,IFRS：経常益は税引前利益 / 季節性は過去の同時期と比較して確認,年間業績の成長=10 四半期業績の成長=10 通期予想に対する進捗率=3 PER=9 PEGレシオ=9,開示表題に該当なし（決算短信本文は未確認）,2四半期連続増益,2026-06,98.0,236.0,3
4,17,8075,神鋼商事,プライム,卸売業,84.3,81.9,39,○,33.6,-4.9,83,直近20日30 25日線25 高値から20 上値余地8 5日線0,検討しやすい位置,,18.1,-0.8,-1.7,48.2,3126.8,2603.7,"最も近い抵抗：3,235.0円（+5.2%・52週高値）",2026-11-06,8.6,817,3075.0,季節性は過去の同時期と比較して確認,年間業績の成長=7 四半期業績の成長=7 通期予想に対する進捗率=7 PER=9 PEGレシオ=9,開示表題に該当なし（決算短信本文は未確認）,2四半期連続増益,2026-06,84.2,6.8,4
5,30,4611,大日本塗料,プライム,化学,80.8,81.6,36,○,29.2,-4.1,83,直近20日25 25日線25 高値から20 上値余地3 5日線10,検討しやすい位置,,15.1,0.8,1.2,57.7,1563.7,1374.7,"最も近い抵抗：1,649.0円（+4.2%・52週高値）",2026-11-06,13.3,470,1582.0,季節性は過去の同時期と比較して確認,年間業績の成長=4 四半期業績の成長=7 通期予想に対する進捗率=7 PER=9 PEGレシオ=9,開示表題に該当なし（決算短信本文は未確認）,2四半期連続増益,2026-06,162.4,14.4,5
6,41,4634,ａｒｔｉｅｎｃｅ,プライム,化学,78.8,86.4,32,○,35.9,-2.5,83,直近20日25 25日線25 高値から20 上値余地3 5日線10,検討しやすい位置,,21.5,0.6,0.2,54.0,5081.8,4188.4,"最も近い抵抗：5,220.0円（+2.6%・52週高値）",2026-11-13,11.4,2407,5090.0,季節性は過去の同時期と比較して確認,年間業績の成長=2 四半期業績の成長=7 通期予想に対する進捗率=5 PER=9 PEGレシオ=9,開示表題に該当なし（決算短信本文は未確認）,2四半期連続増益,2026-06,50.7,16.1,6
7,62,9934,因幡電機産業,プライム,卸売業,72.4,82.5,28,○,21.3,-0.2,83,直近20日25 25日線25 高値から20 上値余地3 5日線10,検討しやすい位置,,14.6,3.5,2.6,61.3,3084.1,2760.0,"最も近い抵抗：3,170.0円（+0.2%・52週高値）",2026-10-30,15.0,3595,3163.0,年間のEPS成長率が+1%でPEGは0点 / 季節性は過去の同時期と比較して確認,年間業績の成長=2 四半期業績の成長=10 通期予想に対する進捗率=7 PER=9 PEGレシオ=0,開示表題に該当なし（決算短信本文は未確認）,2四半期連続増益,2026-06,90.1,8.0,7
8,63,4095,日本パーカライジング,プライム,化学,72.3,78.0,30,,23.6,-4.6,83,直近20日25 25日線25 高値から20 上値余地3 5日線10,検討しやすい位置,,13.1,1.9,1.4,58.4,1764.6,1582.6,"最も近い抵抗：1,876.0円（+4.8%・52週高値）",2026-11-10,13.4,2374,1790.0,今期は減収予想（売上−3%） / 季節性は過去の同時期と比較して確認,年間業績の成長=1 四半期業績の成長=4 通期予想に対する進捗率=7 PER=9 PEGレシオ=9,開示表題に該当なし（決算短信本文は未確認）,2四半期連続増益,2026-06,39.0,2.4,8
9,98,4674,クレスコ,プライム,情報・通信業,64.0,76.8,23,,35.7,-8.4,83,直近20日30 25日線25 高値から10 上値余地8 5日線10,検討しやすい位置,,18.7,-1.3,2.3,57.9,1886.0,1626.5,"最も近い抵抗：2,108.0円（+9.2%・52週高値）",2026-11-05,13.8,811,1930.0,Q1の営業利益進捗14%（標準25%） / 季節性は過去の同時期と比較して確認,年間業績の成長=4 四半期業績の成長=7 通期予想に対する進捗率=0 PER=9 PEGレシオ=3,開示表題に該当なし（決算短信本文は未確認）,2四半期連続増益,2026-06,13.9,8.7,9
10,100,4205,日本ゼオン,プライム,化学,63.7,80.7,21,,38.5,-6.6,83,直近20日30 25日線25 高値から10 上値余地8 5日線10,検討しやすい位置,,16.7,-1.8,1.1,55.2,2418.6,2094.7,"最も近い抵抗：2,618.0円（+7.1%・52週高値）",2026-10-29,13.0,5114,2444.0,今期は減収予想（−2%）・経常減益予想。Q1進捗43%は高い / 季節性は過去の同時期と比較して確認,年間業績の成長=1 四半期業績の成長=4 通期予想に対する進捗率=7 PER=9 PEGレシオ=0,開示表題に該当なし（決算短信本文は未確認）,2四半期連続増益,2026-06,34.7,70.5,10
11,21,6448,ブラザー工業,プライム,電気機器,83.5,87.1,36,○,65.0,-6.5,78,直近20日30 25日線25 高値から10 上値余地3 5日線10,検討しやすい位置,,31.5,-3.0,1.4,58.2,4664.4,3598.4,"最も近い抵抗：4,783.0円（+1.1%・2回反落した価格帯）",2026-11-09,15.0,11849,4731.0,IFRS：経常益は税引前利益 / 季節性は過去の同時期と比較して確認,年間業績の成長=4 四半期業績の成長=7 通期予想に対する進捗率=7 PER=9 PEGレシオ=9,開示表題に該当なし（決算短信本文は未確認）,2四半期連続増益,2026-06,250.0,187.3,11
12,60,6071,ＩＢＪ,プライム,サービス業,72.7,76.6,31,,34.8,-8.3,78,直近20日30 25日線25 高値から10 上値余地3 5日線10,検討しやすい位置,,13.2,-1.6,-0.4,50.9,898.6,790.6,最も近い抵抗：901.0円（+0.7%・2回反落した価格帯）,2026-11-13,13.5,376,895.0,直近四半期は純利益−57% / 増収減益：利益率悪化に注意 / 季節性は過去の同時期と比較して確認,年間業績の成長=7 四半期業績の成長=1 通期予想に対する進捗率=5 PER=9 PEGレシオ=9,開示表題に該当なし（決算短信本文は未確認）,2四半期連続増益,2026-06,15.4,56.4,12
13,20,8084,ＲＹＯＤＥＮ,プライム,卸売業,83.7,91.9,34,○,49.9,-1.5,75,直近20日25 25日線17 高値から20 上値余地3 5日線10,検討しやすい位置,,28.0,3.6,3.7,61.1,2392.2,1937.8,"最も近い抵抗：2,520.0円（+1.6%・52週高値）",2026-10-30,17.6,1072,2481.0,季節性は過去の同時期と比較して確認,年間業績の成長=7 四半期業績の成長=7 通期予想に対する進捗率=5 PER=9 PEGレシオ=6,開示表題に該当なし（決算短信本文は未確認）,2四半期連続増益,2026-06,132.6,4.5,13
14,56,7537,丸文,プライム,卸売業,75.0,96.7,24,○,73.3,-0.3,75,直近20日25 25日線17 高値から20 上値余地3 5日線10,検討しやすい位置,,29.9,6.2,4.5,60.8,1841.4,1482.0,"最も近い抵抗：1,931.0円（+0.3%・52週高値）",2026-10-30,12.6,540,1925.0,Q1は営業増益だが経常・純利益は減益 / 増収減益：利益率悪化に注意 / 季節性は過去の同時期と比較して確認,年間業績の成長=2 四半期業績の成長=1 通期予想に対する進捗率=3 PER=9 PEGレシオ=9,開示表題に該当なし（決算短信本文は未確認）,2四半期連続増益,2026-06,137.8,46.8,14
15,58,6135,牧野フライス製作所,プライム,機械,73.5,89.2,26,○,41.3,-1.5,75,直近20日25 25日線17 高値から20 上値余地3 5日線10,検討しやすい位置,,24.4,6.1,5.9,62.2,3068.1,2612.9,"最も近い抵抗：3,300.0円（+1.5%・52週高値）",2026-10-30,17.7,4045,3250.0,季節性は過去の同時期と比較して確認,年間業績の成長=2 四半期業績の成長=10 通期予想に対する進捗率=5 PER=9 PEGレシオ=0,開示表題に該当なし（決算短信本文は未確認）,2四半期連続増益,2026-06,137.2,39.4,15
16,66,7839,ＳＨＯＥＩ,プライム,その他製品,70.8,88.3,24,○,34.1,-0.4,75,直近20日25 25日線17 高値から20 上値余地3 5日線10,検討しやすい位置,,20.4,7.2,4.8,65.8,2106.2,1832.6,"最も近い抵抗：2,215.0円（+0.4%・52週高値）",2026-11-13,19.0,1155,2207.0,今期は営業減益予想（−6%）。直近2四半期は増益 / 増収減益：利益率悪化に注意 / 季節性は過去の同時期と比較して確認,年間業績の成長=1 四半期業績の成長=7 通期予想に対する進捗率=7 PER=9 PEGレシオ=0,開示表題に該当なし（決算短信本文は未確認）,2四半期連続増益,2026-06,24.5,26.6,16
17,68,4021,日産化学,プライム,化学,70.0,91.2,22,○,44.7,-0.2,75,直近20日25 25日線17 高値から20 上値余地3 5日線10,検討しやすい位置,,25.6,9.6,7.3,68.0,8142.0,6955.9,"最も近い抵抗：8,755.0円（+0.2%・52週高値）",2026-11-09,22.6,11773,8734.0,季節性は過去の同時期と比較して確認,年間業績の成長=2 四半期業績の成長=7 通期予想に対する進捗率=7 PER=6 PEGレシオ=0,開示表題に該当なし（決算短信本文は未確認）,2四半期連続増益,2026-06,21.0,17.7,17
18,73,5142,アキレス,プライム,化学,69.4,85.5,24,○,45.0,-4.7,75,直近20日25 25日線17 高値から20 上値余地3 5日線10,検討しやすい位置,,31.0,5.5,4.7,63.8,1849.4,1477.7,"最も近い抵抗：2,032.0円（+5.0%・52週高値）",2026-11-12,12.0,282,1936.0,9/28に投資有価証券の売却益（特別利益）。今期は営業減益予想（−26%）で、Q1の急増益は前年が低水準だったため / 増収減益：利益率悪化に注意 / 季節性は過去の同時期と比較して確認,年間業績の成長=1 四半期業績の成長=7 通期予想に対する進捗率=7 PER=9 PEGレシオ=0,開示表題に該当なし（決算短信本文は未確認）,2四半期連続増益,2026-06,165.2,100.0,18
19,78,6971,京セラ,プライム,電気機器,68.3,90.0,21,○,61.1,-4.1,75,直近20日25 25日線17 高値から20 上値余地3 5日線10,検討しやすい位置,,27.5,9.5,7.1,62.5,3600.9,3023.8,"最も近い抵抗：4,019.0円（+4.3%・52週高値）",,30.8,54706,3855.0,予想PER30.8倍と高め。ファンダ21点 / IFRS：経常益は税引前利益 / 季節性は過去の同時期と比較して確認,年間業績の成長=4 四半期業績の成長=4 通期予想に対する進捗率=7 PER=0 PEGレシオ=6,開示表題に該当なし（決算短信本文は未確認）,2四半期連続増益,2026-06,164.0,216.7,19
20,96,8876,リログループ,プライム,サービス業,64.4,82.2,21,○,21.6,-0.9,75,直近20日25 25日線17 高値から20 上値余地3 5日線10,検討しやすい位置,,18.9,3.1,3.4,63.6,2240.2,1947.4,"最も近い抵抗：2,337.0円（+0.9%・52週高値）",2026-11-12,15.5,3544,2316.0,IFRS：経常益は税引前利益 / 季節性は過去の同時期と比較して確認,年間業績の成長=2 四半期業績の成長=4 通期予想に対する進捗率=3 PER=9 PEGレシオ=3,開示表題に該当なし（決算短信本文は未確認）,2四半期連続増益,2026-06,11.7,8.5,20
,90,4443,Ｓａｎｓａｎ,プライム,情報・通信業,66.0,80.9,23,○,85.8,-11.2,90,直近20日30 25日線25 高値から10 上値余地15 5日線10,待ち,決算まであと1日,31.1,-0.9,-0.4,52.6,2099.7,1595.8,"最も近い抵抗：2,355.0円（+12.6%・52週高値）",2026-10-09,28.2,2655,2092.0,累計決算なし（本決算直後の可能性） / 黒字転換の指標は「プラス」として扱った,年間業績の成長=7 四半期業績の成長=4 通期予想に対する進捗率=評価不能 PER=3 PEGレシオ=9,開示表題に該当なし（決算短信本文は未確認）,2四半期連続増益,2026-05,146.2,77.8,
,13,3176,三洋貿易,プライム,卸売業,85.5,91.1,36,○,52.4,-2.4,83,直近20日25 25日線25 高値から20 上値余地3 5日線10,待ち,不正の疑い・調査委員会の設置（09/18 米国子会社財務責任者による不正疑義及び特別調査委員会の設置に関するお知らせ）,36.9,2.8,3.0,62.0,1162.2,874.1,"最も近い抵抗：1,227.0円（+2.5%・52週高値）",2026-11-09,11.5,694,1197.0,季節性は過去の同時期と比較して確認,年間業績の成長=4 四半期業績の成長=7 通期予想に対する進捗率=7 PER=9 PEGレシオ=9,開示表題に該当なし（決算短信本文は未確認）,2四半期連続増益,2026-06,46.2,18.9,
,93,3091,ブロンコビリー,プライム,小売業,65.6,80.0,23,○,25.0,-3.8,78,直近20日30 25日線25 高値から20 上値余地3 5日線0,待ち,決算まであと14日,25.0,-0.7,-0.2,53.3,2828.0,2256.3,"最も近い抵抗：2,931.0円（+3.9%・52週高値）",2026-10-22,32.3,851,2821.0,季節性は過去の同時期と比較して確認,年間業績の成長=7 四半期業績の成長=7 通期予想に対する進捗率=3 PER=0 PEGレシオ=6,開示表題に該当なし（決算短信本文は未確認）,2四半期連続増益,2026-06,29.8,93.6,
,36,6136,オーエスジー,プライム,機械,79.4,76.6,37,,50.9,-11.2,77,直近20日25 25日線17 高値から10 上値余地15 5日線10,待ち,決算まであと1日,19.2,5.1,5.2,61.9,3563.8,3144.7,"最も近い抵抗：4,223.0円（+12.6%・52週高値）",2026-10-09,14.7,3605,3750.0,季節性は過去の同時期と比較して確認,年間業績の成長=7 四半期業績の成長=7 通期予想に対する進捗率=5 PER=9 PEGレシオ=9,開示表題に該当なし（決算短信本文は未確認）,2四半期連続増益,2026-05,70.2,58.0,
,51,3989,シェアリングテクノロジー,グロース,情報・通信業,75.5,79.8,32,○,28.1,-4.9,83,直近20日25 25日線25 高値から20 上値余地3 5日線10,過熱・割高・TOBなどで除外,TOB（公開買付け）の対象（09/09 MP-2606株式会社による当社株券等に対する公開買付けに関する賛同及び応募推奨）,23.5,1.8,0.3,57.3,1541.7,1252.9,"最も近い抵抗：1,549.0円（+0.1%・3回反落した価格帯）",,14.8,378,1547.0,IFRS：経常益は税引前利益 / 不明なデータあり / 季節性は過去の同時期と比較して確認,年間業績の成長=評価不能 四半期業績の成長=7 通期予想に対する進捗率=7 PER=9 PEGレシオ=9,開示表題に該当なし（決算短信本文は未確認）,不明（残す）,,,,
,89,6098,リクルートホールディングス,プライム,サービス業,66.6,86.6,21,○,163.4,-8.7,78,直近20日25 25日線25 高値から10 上値余地8 5日線10,過熱・割高・TOBなどで除外,過熱：200日線から+60%,60.1,1.7,0.1,53.8,16624.8,10392.6,"最も近い抵抗：18,215.0円（+9.5%・52週高値）",,30.5,244951,16635.0,IFRS：経常益は税引前利益 / 不明なデータあり / 季節性は過去の同時期と比較して確認,年間業績の成長=評価不能 四半期業績の成長=7 通期予想に対する進捗率=5 PER=0 PEGレシオ=9,開示表題に該当なし（決算短信本文は未確認）,2四半期連続増益,2026-06,66.2,66.1,
,87,9110,ＮＳユナイテッド海運,プライム,海運業,67.4,90.3,20,○,41.3,-0.3,73,直近20日25 25日線25 高値から20 上値余地3 5日線0,過熱・割高・TOBなどで除外,過熱：RSI82,33.9,0.4,0.1,81.5,10495.6,7847.7,"最も近い抵抗：10,540.0円（+0.3%・52週高値）",,9.9,2519,10510.0,季節性は過去の同時期と比較して確認,年間業績の成長=2 四半期業績の成長=4 通期予想に対する進捗率=5 PER=9 PEGレシオ=0,開示表題に該当なし（決算短信本文は未確認）,2四半期連続増益,2026-06,96.2,62.5,
,45,8050,セイコーグループ,プライム,精密機器,76.6,86.6,30,,92.6,-8.1,70,直近20日25 25日線17 高値から10 上値余地8 5日線10,過熱・割高・TOBなどで除外,過熱：200日線から+61%,61.3,2.6,7.4,60.1,10206.4,6793.0,"最も近い抵抗：11,770.0円（+7.4%・2回反落した価格帯）",,32.0,9076,10960.0,季節性は過去の同時期と比較して確認,年間業績の成長=7 四半期業績の成長=10 通期予想に対する進捗率=7 PER=0 PEGレシオ=6,開示表題に該当なし（決算短信本文は未確認）,2四半期連続増益,2026-06,88.3,332.1,
,4,7480,スズデン,スタンダード,卸売業,93.1,95.1,41,○,121.7,-3.3,68,直近20日18 25日線17 高値から20 上値余地3 5日線10,過熱・割高・TOBなどで除外,過熱：200日線から+69%,69.1,10.0,7.0,64.7,3547.6,2243.7,"最も近い抵抗：3,925.0円（+3.4%・52週高値）",,17.3,504,3795.0,季節性は過去の同時期と比較して確認,年間業績の成長=10 四半期業績の成長=10 通期予想に対する進捗率=3 PER=9 PEGレシオ=9,開示表題に該当なし（決算短信本文は未確認）,2四半期連続増益,2026-06,154.2,7.2,
,1,3156,レスター,プライム,卸売業,95.4,97.4,42,○,137.0,-2.0,59,直近20日18 25日線8 高値から20 上値余地3 5日線10,過熱・割高・TOBなどで除外,過熱：200日線から+71%,70.6,18.0,12.2,68.7,5614.0,3691.9,"最も近い抵抗：6,430.0円（+2.1%・52週高値）",,13.1,1895,6300.0,季節性は過去の同時期と比較して確認,年間業績の成長=7 四半期業績の成長=10 通期予想に対する進捗率=7 PER=9 PEGレシオ=9,開示表題に該当なし（決算短信本文は未確認）,2四半期連続増益,2026-06,487.8,76.2,
,28,4746,東計電算,スタンダード,情報・通信業,81.7,96.7,30,○,87.2,-1.3,59,直近20日18 25日線8 高値から20 上値余地3 5日線10,過熱・割高・TOBなどで除外,過熱：200日線から+62%,61.7,12.1,8.4,76.0,1820.4,1220.2,"最も近い抵抗：2,000.0円（+1.4%・52週高値）",,16.5,1476,1973.0,季節性は過去の同時期と比較して確認,年間業績の成長=2 四半期業績の成長=7 通期予想に対する進捗率=3 PER=9 PEGレシオ=9,開示表題に該当なし（決算短信本文は未確認）,2四半期連続増益,2026-06,18.8,6.9,
,53,6570,共和コーポレーション,スタンダード,サービス業,75.5,90.9,27,,252.6,-6.6,56,直近20日25 25日線8 高値から10 上値余地3 5日線10,過熱・割高・TOBなどで除外,過熱：200日線から+124%,123.8,4.3,10.6,62.3,3798.8,1877.0,"最も近い抵抗：4,221.8円（+0.5%・出来高集中帯）",,20.6,255,4200.0,季節性は過去の同時期と比較して確認,年間業績の成長=4 四半期業績の成長=10 通期予想に対する進捗率=7 PER=6 PEGレシオ=0,開示表題に該当なし（決算短信本文は未確認）,2四半期連続増益,2026-06,216.3,41.0,
,84,4062,イビデン,プライム,電気機器,67.5,83.8,23,,215.5,-10.7,48,直近20日5 25日線8 高値から10 上値余地15 5日線10,過熱・割高・TOBなどで除外,過熱：200日線から+72% / 割高：予想PER82倍,71.6,21.4,16.4,65.8,10538.1,7148.6,"最も近い抵抗：13,740.0円（+12.0%・52週高値）",,82.5,69575,12265.0,季節性は過去の同時期と比較して確認,年間業績の成長=10 四半期業績の成長=10 通期予想に対する進捗率=3 PER=0 PEGレシオ=0,開示表題に該当なし（決算短信本文は未確認）,2四半期連続増益,2026-06,52.8,36.7,
,2,3374,内外テック,スタンダード,卸売業,94.8,98.4,41,○,131.4,-0.9,46,直近20日5 25日線8 高値から20 上値余地3 5日線10,過熱・割高・TOBなどで除外,過熱：200日線から+74%,74.4,29.8,22.0,75.6,4304.6,3011.0,"最も近い抵抗：5,300.0円（+1.0%・52週高値）",,10.9,187,5250.0,季節性は過去の同時期と比較して確認,年間業績の成長=10 四半期業績の成長=10 通期予想に対する進捗率=3 PER=9 PEGレシオ=9,開示表題に該当なし（決算短信本文は未確認）,2四半期連続増益,2026-06,610.8,12.4,
,18,6857,アドバンテスト,プライム,電気機器,84.3,97.4,32,,92.6,-1.0,46,直近20日5 25日線8 高値から20 上値余地3 5日線10,過熱・割高・TOBなどで除外,割高：予想PER44倍,46.6,23.8,19.7,71.7,33654.0,27498.0,"最も近い抵抗：40,700.0円（+1.0%・52週高値）",,44.1,294996,40300.0,IFRS：経常益は税引前利益 / 季節性は過去の同時期と比較して確認,年間業績の成長=10 四半期業績の成長=10 通期予想に対する進捗率=3 PER=0 PEGレシオ=9,開示表題に該当なし（決算短信本文は未確認）,2四半期連続増益,2026-06,53.2,139.2,
,19,6533,Ｏｒｃｈｅｓｔｒａ　Ｈｏｌｄｉｎｇｓ,プライム,サービス業,84.2,92.8,34,,101.4,-4.4,46,直近20日5 25日線8 高値から20 上値余地3 5日線10,過熱・割高・TOBなどで除外,過熱：200日線から+79% / 過熱：RSI89,79.2,76.8,52.9,89.3,1335.3,1139.4,"最も近い抵抗：2,136.0円（+4.6%・52週高値）",,19.9,205,2042.0,IFRS：経常益は税引前利益 / 季節性は過去の同時期と比較して確認,年間業績の成長=7 四半期業績の成長=4 通期予想に対する進捗率=5 PER=9 PEGレシオ=9,開示表題に該当なし（決算短信本文は未確認）,2四半期連続増益,2026-06,44.9,19.7,
,25,6998,日本タングステン,スタンダード,電気機器,82.2,97.8,30,○,111.1,-1.0,46,直近20日5 25日線8 高値から20 上値余地3 5日線10,過熱・割高・TOBなどで除外,過熱：200日線から+88%,87.8,20.5,14.6,70.2,3725.4,2273.8,"最も近い抵抗：4,315.0円（+1.1%・52週高値）",,28.9,220,4270.0,増収減益：利益率悪化に注意 / 季節性は過去の同時期と比較して確認,年間業績の成長=1 四半期業績の成長=10 通期予想に対する進捗率=7 PER=3 PEGレシオ=9,開示表題に該当なし（決算短信本文は未確認）,2四半期連続増益,2026-06,208.3,74.8,
,57,4417,グローバルセキュリティエキスパート,グロース,情報・通信業,74.7,98.3,23,○,161.9,-1.2,46,直近20日5 25日線8 高値から20 上値余地3 5日線10,過熱・割高・TOBなどで除外,過熱：200日線から+72% / 割高：予想PER45倍,72.4,31.9,18.1,71.7,5023.0,3439.5,"最も近い抵抗：6,000.0円（+1.2%・52週高値）",,44.6,908,5930.0,季節性は過去の同時期と比較して確認,年間業績の成長=10 四半期業績の成長=7 通期予想に対する進捗率=0 PER=0 PEGレシオ=6,開示表題に該当なし（決算短信本文は未確認）,2四半期連続増益,2026-06,41.4,47.7,
,67,4258,網屋,グロース,情報・通信業,70.2,98.1,19,○,116.7,-1.0,46,直近20日5 25日線8 高値から20 上値余地3 5日線10,過熱・割高・TOBなどで除外,過熱：200日線から+64% / 割高：予想PER56倍,64.4,39.7,15.8,65.3,5077.4,3575.7,"最も近い抵抗：5,940.0円（+1.0%・52週高値）",,55.7,519,5880.0,季節性は過去の同時期と比較して確認,年間業績の成長=7 四半期業績の成長=7 通期予想に対する進捗率=5 PER=0 PEGレシオ=0,開示表題に該当なし（決算短信本文は未確認）,2四半期連続増益,2026-06,43.1,22.6,
,38,5243,ｎｏｔｅ,グロース,情報・通信業,79.2,87.2,32,○,60.1,-5.8,41,直近20日5 25日線8 高値から10 上値余地8 5日線10,過熱・割高・TOBなどで除外,過熱：200日線から+68% / 割高：予想PER63倍,68.1,39.5,24.8,71.9,3110.0,2307.6,"最も近い抵抗：4,120.0円（+6.2%・52週高値）",,62.8,753,3880.0,季節性は過去の同時期と比較して確認,年間業績の成長=10 四半期業績の成長=10 通期予想に対する進捗率=3 PER=0 PEGレシオ=9,開示表題に該当なし（決算短信本文は未確認）,2四半期連続増益,2026-08,198.1,1588.9,
,64,7826,フルヤ金属,プライム,その他製品,72.1,90.9,24,○,88.0,-5.4,41,直近20日5 25日線8 高値から10 上値余地8 5日線10,過熱・割高・TOBなどで除外,過熱：200日線から+61%,61.5,21.1,10.4,62.5,10605.2,7252.1,"最も近い抵抗：12,380.0円（+5.7%・52週高値）",,16.3,2973,11710.0,累計決算なし（本決算直後の可能性）,年間業績の成長=2 四半期業績の成長=10 通期予想に対する進捗率=評価不能 PER=9 PEGレシオ=3,開示表題に該当なし（決算短信本文は未確認）,2四半期連続増益,2026-06,492.1,308.7,
,9,6862,ミナトホールディングス,スタンダード,電気機器,89.3,78.6,45,○,133.9,-13.4,38,直近20日5 25日線8 高値から10 上値余地15 5日線0,過熱・割高・TOBなどで除外,過熱：200日線から+106%,105.6,40.1,13.7,60.8,4503.2,2490.7,"最も近い抵抗：5,910.0円（+15.4%・52週高値）",,6.4,406,5120.0,季節性は過去の同時期と比較して確認 / PERが低すぎる：業績悪化・財務不安がないか確認,年間業績の成長=10 四半期業績の成長=10 通期予想に対する進捗率=7 PER=9 PEGレシオ=9,開示表題に該当なし（決算短信本文は未確認）,2四半期連続増益,2026-06,3381.8,1746.9,
,14,8697,日本取引所グループ,プライム,その他金融業,85.3,81.7,40,○,26.4,-3.2,73,直近20日25 25日線25 高値から20 上値余地3 5日線0,対象外（買い時点が下位）,,15.3,6.7,1.9,54.3,2245.7,1985.8,"最も近い抵抗：2,319.0円（+1.3%・2回反落した価格帯）",,22.2,23618,2289.0,IFRS：経常益は税引前利益 / 季節性は過去の同時期と比較して確認,年間業績の成長=10 四半期業績の成長=10 通期予想に対する進捗率=5 PER=6 PEGレシオ=9,開示表題に該当なし（決算短信本文は未確認）,2四半期連続増益,2026-06,73.4,69.1,
,27,9902,日伝,プライム,卸売業,81.7,85.7,35,○,35.5,-2.7,73,直近20日25 25日線25 高値から20 上値余地3 5日線0,対象外（買い時点が下位）,,21.9,6.8,2.7,61.0,3149.8,2653.9,"最も近い抵抗：3,325.0円（+2.8%・52週高値）",,15.4,971,3235.0,季節性は過去の同時期と比較して確認,年間業績の成長=7 四半期業績の成長=7 通期予想に対する進捗率=3 PER=9 PEGレシオ=9,開示表題に該当なし（決算短信本文は未確認）,2四半期連続増益,2026-06,56.6,8.0,
,32,9069,センコーグループホールディングス,プライム,陸運業,80.3,82.9,35,○,29.4,-3.3,73,直近20日25 25日線25 高値から20 上値余地3 5日線0,対象外（買い時点が下位）,,14.5,3.5,1.1,52.9,2283.4,2015.9,"最も近い抵抗：2,387.0円（+3.4%・52週高値）",,16.5,4054,2307.5,季節性は過去の同時期と比較して確認,年間業績の成長=7 四半期業績の成長=7 通期予想に対する進捗率=3 PER=9 PEGレシオ=9,開示表題に該当なし（決算短信本文は未確認）,2四半期連続増益,2026-06,23.1,36.0,
,35,6250,やまびこ,プライム,機械,79.5,79.0,36,○,26.6,-5.1,73,直近20日30 25日線25 高値から10 上値余地8 5日線0,対象外（買い時点が下位）,,17.5,-0.3,0.0,53.2,4374.6,3723.5,"最も近い抵抗：4,610.0円（+5.4%・52週高値）",,10.9,1930,4375.0,季節性は過去の同時期と比較して確認,年間業績の成長=4 四半期業績の成長=7 通期予想に対する進捗率=7 PER=9 PEGレシオ=9,開示表題に該当なし（決算短信本文は未確認）,2四半期連続増益,2026-06,55.4,16.5,
,39,9147,ＮＩＰＰＯＮ　ＥＸＰＲＥＳＳホールディングス,プライム,陸運業,79.1,93.7,29,○,64.0,-2.1,73,直近20日25 25日線25 高値から20 上値余地3 5日線0,対象外（買い時点が下位）,,28.2,2.8,2.2,56.9,5618.8,4480.7,"最も近い抵抗：5,866.0円（+2.1%・52週高値）",,19.3,13958,5744.0,IFRS：経常益は税引前利益 / 季節性は過去の同時期と比較して確認,年間業績の成長=4 四半期業績の成長=7 通期予想に対する進捗率=0 PER=9 PEGレシオ=9,開示表題に該当なし（決算短信本文は未確認）,2四半期連続増益,2026-06,72.3,32.7,
,75,4008,住友精化,プライム,化学,69.0,77.9,27,○,24.1,-4.9,73,直近20日25 25日線25 高値から20 上値余地3 5日線0,対象外（買い時点が下位）,,17.7,0.4,1.2,54.1,1492.3,1283.5,"最も近い抵抗：1,574.0円（+4.2%・2回反落した価格帯）",,12.1,977,1510.0,増収減益：利益率悪化に注意 / 季節性は過去の同時期と比較して確認,年間業績の成長=1 四半期業績の成長=7 通期予想に対する進捗率=7 PER=9 PEGレシオ=3,開示表題に該当なし（決算短信本文は未確認）,2四半期連続増益,2026-06,47.4,105.4,
,79,4919,ミルボン,プライム,化学,68.1,78.4,26,○,20.5,-3.3,73,直近20日25 25日線25 高値から20 上値余地3 5日線0,対象外（買い時点が下位）,,18.0,1.2,1.2,56.9,3210.6,2753.5,"最も近い抵抗：3,310.0円（+1.8%・2回反落した価格帯）",,22.3,1050,3250.0,黒字転換の指標は「プラス」として扱った / 季節性は過去の同時期と比較して確認,年間業績の成長=4 四半期業績の成長=2 通期予想に対する進捗率=5 PER=6 PEGレシオ=9,開示表題に該当なし（決算短信本文は未確認）,2四半期連続増益,2026-06,70.7,75.3,
,82,8439,東京センチュリー,プライム,その他金融業,67.5,79.4,25,○,31.8,-6.3,73,直近20日30 25日線25 高値から10 上値余地8 5日線0,対象外（買い時点が下位）,,12.6,-3.3,-2.1,47.3,2673.7,2326.4,"最も近い抵抗：2,755.0円（+5.2%・2回反落した価格帯）",,10.4,12886,2618.5,不明なデータあり,年間業績の成長=評価不能 四半期業績の成長=7 通期予想に対する進捗率=評価不能 PER=9 PEGレシオ=9,開示表題に該当なし（決算短信本文は未確認）,2四半期連続増益,2026-06,31.2,76.3,
,94,2810,ハウス食品グループ本社,プライム,食料品,65.0,85.5,20,○,33.0,-2.4,73,直近20日25 25日線25 高値から20 上値余地3 5日線0,対象外（買い時点が下位）,,19.6,2.8,2.4,59.0,3941.5,3375.0,"最も近い抵抗：4,135.0円（+2.4%・52週高値）",,20.9,3718,4037.0,増収減益：利益率悪化に注意 / 季節性は過去の同時期と比較して確認,年間業績の成長=1 四半期業績の成長=1 通期予想に対する進捗率=3 PER=6 PEGレシオ=9,開示表題に該当なし（決算短信本文は未確認）,2四半期連続増益,2026-06,17.0,43.3,
,95,3762,テクマトリックス,プライム,情報・通信業,64.6,89.2,18,○,45.5,-2.4,73,直近20日25 25日線25 高値から20 上値余地3 5日線0,対象外（買い時点が下位）,,22.7,4.0,1.8,57.7,2452.8,2034.7,"最も近い抵抗：2,505.0円（+0.3%・2回反落した価格帯）",,18.5,1112,2497.0,IFRS：経常益は税引前利益 / 季節性は過去の同時期と比較して確認,年間業績の成長=2 四半期業績の成長=7 通期予想に対する進捗率=0 PER=9 PEGレシオ=0,開示表題に該当なし（決算短信本文は未確認）,2四半期連続増益,2026-06,26.8,43.0,
,31,4431,スマレジ,グロース,情報・通信業,80.8,86.1,34,,63.5,-6.9,70,直近20日25 25日線17 高値から10 上値余地8 5日線10,対象外（買い時点が下位）,,28.9,1.7,3.5,60.2,3438.0,2762.4,"最も近い抵抗：3,825.0円（+7.4%・52週高値）",,24.7,701,3560.0,季節性は過去の同時期と比較して確認,年間業績の成長=7 四半期業績の成長=7 通期予想に対する進捗率=5 PER=6 PEGレシオ=9,開示表題に該当なし（決算短信本文は未確認）,2四半期連続増益,2026-07,73.7,74.9,
,40,6532,ベイカレント,プライム,サービス業,78.8,79.8,35,,80.7,-11.7,70,直近20日25 25日線17 高値から10 上値余地8 5日線10,対象外（買い時点が下位）,,32.3,1.6,3.6,59.5,7736.2,6055.7,"最も近い抵抗：8,687.2円（+8.4%・出来高集中帯）",,24.5,12039,8014.0,IFRS：経常益は税引前利益 / 季節性は過去の同時期と比較して確認,年間業績の成長=10 四半期業績の成長=7 通期予想に対する進捗率=3 PER=6 PEGレシオ=9,開示表題に該当なし（決算短信本文は未確認）,不明（残す）,,,,
,55,6752,パナソニック　ホールディングス,プライム,電気機器,75.1,90.2,27,○,81.2,-5.5,70,直近20日25 25日線17 高値から10 上値余地8 5日線10,対象外（買い時点が下位）,,42.2,9.6,7.8,62.0,4369.2,3311.4,"最も近い抵抗：4,982.0円（+5.8%・52週高値）",,24.4,115618,4710.0,IFRS：経常益は税引前利益 / 季節性は過去の同時期と比較して確認,年間業績の成長=1 四半期業績の成長=4 通期予想に対する進捗率=7 PER=6 PEGレシオ=9,開示表題に該当なし（決算短信本文は未確認）,2四半期連続増益,2026-06,110.0,0.5,
,61,6645,オムロン,プライム,電気機器,72.5,80.5,29,,51.8,-8.9,70,直近20日25 25日線17 高値から10 上値余地8 5日線10,対象外（買い時点が下位）,,25.4,5.8,5.2,62.9,6272.0,5262.2,"最も近い抵抗：7,245.0円（+9.8%・52週高値）",,32.0,13606,6597.0,IFRS：経常益は税引前利益 / 季節性は過去の同時期と比較して確認,年間業績の成長=7 四半期業績の成長=10 通期予想に対する進捗率=3 PER=0 PEGレシオ=9,開示表題に該当なし（決算短信本文は未確認）,不明（残す）,,,,
,10,9824,泉州電業,プライム,卸売業,89.2,89.6,40,○,38.6,-0.5,68,直近20日18 25日線17 高値から20 上値余地3 5日線10,対象外（買い時点が下位）,,28.5,14.1,6.5,68.2,7755.2,6426.4,"最も近い抵抗：8,300.0円（+0.5%・52週高値）",,15.4,1487,8260.0,季節性は過去の同時期と比較して確認,年間業績の成長=7 四半期業績の成長=10 通期予想に対する進捗率=5 PER=9 PEGレシオ=9,開示表題に該当なし（決算短信本文は未確認）,2四半期連続増益,2026-07,100.5,55.0,
,16,8704,トレイダーズホールディングス,スタンダード,証券、商品先物取引業,84.8,80.7,40,○,36.0,-6.4,68,直近20日25 25日線25 高値から10 上値余地8 5日線0,対象外（買い時点が下位）,,20.5,2.7,-1.4,48.2,1402.4,1147.6,"最も近い抵抗：1,478.0円（+6.9%・52週高値）",,7.7,409,1383.0,季節性は過去の同時期と比較して確認 / PERが低すぎる：業績悪化・財務不安がないか確認,年間業績の成長=7 四半期業績の成長=10 通期予想に対する進捗率=5 PER=9 PEGレシオ=9,開示表題に該当なし（決算短信本文は未確認）,2四半期連続増益,2026-06,50.0,127.5,
,37,9304,澁澤倉庫,プライム,倉庫・運輸関連業,79.4,87.7,32,○,61.8,-5.7,68,直近20日25 25日線25 高値から10 上値余地8 5日線0,対象外（買い時点が下位）,,37.4,3.5,1.0,53.8,2117.9,1556.5,"最も近い抵抗：2,268.0円（+6.1%・52週高値）",,16.2,1301,2138.0,季節性は過去の同時期と比較して確認,年間業績の成長=7 四半期業績の成長=4 通期予想に対する進捗率=3 PER=9 PEGレシオ=9,開示表題に該当なし（決算短信本文は未確認）,2四半期連続増益,2026-06,18.8,6.3,
,47,7976,三菱鉛筆,プライム,その他製品,76.5,90.7,28,○,47.5,-1.9,68,直近20日18 25日線17 高値から20 上値余地3 5日線10,対象外（買い時点が下位）,,34.0,10.4,6.1,74.0,3248.0,2570.3,"最も近い抵抗：3,510.0円（+1.9%・52週高値）",,21.5,2068,3445.0,季節性は過去の同時期と比較して確認,年間業績の成長=4 四半期業績の成長=4 通期予想に対する進捗率=5 PER=6 PEGレシオ=9,開示表題に該当なし（決算短信本文は未確認）,2四半期連続増益,2026-06,16.1,39.5,
,70,8015,豊田通商,プライム,卸売業,69.6,76.9,28,,23.7,-5.3,68,直近20日30 25日線25 高値から10 上値余地3 5日線0,対象外（買い時点が下位）,,14.4,-2.0,-1.0,51.7,7457.9,6459.1,"最も近い抵抗：7,620.0円（+3.2%・2回反落した価格帯）",,16.1,69739,7387.0,IFRS：経常益は税引前利益 / 不明なデータあり,年間業績の成長=評価不能 四半期業績の成長=10 通期予想に対する進捗率=評価不能 PER=9 PEGレシオ=9,開示表題に該当なし（決算短信本文は未確認）,不明（残す）,,,,
,72,4475,ＨＥＮＮＧＥ,グロース,情報・通信業,69.4,85.4,24,○,87.5,-8.5,68,直近20日25 25日線25 高値から10 上値余地8 5日線0,対象外（買い時点が下位）,,37.4,3.3,-1.9,49.7,1702.6,1216.5,"最も近い抵抗：1,816.0円（+8.7%・2回反落した価格帯）",,32.6,543,1671.0,季節性は過去の同時期と比較して確認,年間業績の成長=7 四半期業績の成長=7 通期予想に対する進捗率=7 PER=0 PEGレシオ=3,開示表題に該当なし（決算短信本文は未確認）,2四半期連続増益,2026-06,27.1,25.1,
,80,6418,日本金銭機械,プライム,機械,68.1,76.2,27,○,22.6,-5.4,68,直近20日25 25日線25 高値から10 上値余地8 5日線0,対象外（買い時点が下位）,,16.6,2.8,1.0,55.2,1241.0,1075.7,"最も近い抵抗：1,326.0円（+5.7%・52週高値）",,14.8,372,1254.0,増収減益：利益率悪化に注意 / 季節性は過去の同時期と比較して確認,年間業績の成長=1 四半期業績の成長=10 通期予想に対する進捗率=7 PER=9 PEGレシオ=0,開示表題に該当なし（決算短信本文は未確認）,2四半期連続増益,2026-06,267.3,96.3,
,83,9889,ＪＢＣＣホールディングス,プライム,情報・通信業,67.5,81.7,24,○,42.1,-6.6,68,直近20日25 25日線25 高値から10 上値余地8 5日線0,対象外（買い時点が下位）,,18.3,1.1,0.6,52.5,1687.6,1435.4,"最も近い抵抗：1,818.0円（+7.1%・52週高値）",,17.0,1207,1698.0,季節性は過去の同時期と比較して確認,年間業績の成長=4 四半期業績の成長=2 通期予想に対する進捗率=3 PER=9 PEGレシオ=6,開示表題に該当なし（決算短信本文は未確認）,2四半期連続増益,2026-06,21.3,29.0,
,22,7806,ＭＴＧ,グロース,その他製品,83.3,91.0,34,,47.6,-1.7,66,直近20日25 25日線8 高値から20 上値余地3 5日線10,対象外（買い時点が下位）,,41.2,8.7,10.6,61.9,8358.0,6544.3,"最も近い抵抗：9,400.0円（+1.7%・52週高値）",,33.1,3721,9240.0,季節性は過去の同時期と比較して確認,年間業績の成長=10 四半期業績の成長=10 通期予想に対する進捗率=5 PER=0 PEGレシオ=9,開示表題に該当なし（決算短信本文は未確認）,2四半期連続増益,2026-06,35.2,18.2,
,26,4401,ＡＤＥＫＡ,プライム,化学,81.9,77.2,39,,30.7,-7.3,65,直近20日25 25日線17 高値から10 上値余地3 5日線10,対象外（買い時点が下位）,,12.3,2.2,3.6,62.0,4568.8,4213.7,"最も近い抵抗：4,795.0円（+1.3%・2回反落した価格帯）",,14.4,4683,4733.0,季節性は過去の同時期と比較して確認,年間業績の成長=7 四半期業績の成長=7 通期予想に対する進捗率=7 PER=9 PEGレシオ=9,開示表題に該当なし（決算短信本文は未確認）,2四半期連続増益,2026-06,42.7,12.8,
,52,4092,日本化学工業,プライム,化学,75.5,84.3,30,○,101.8,-9.6,65,直近20日25 25日線17 高値から10 上値余地3 5日線10,対象外（買い時点が下位）,,40.1,9.9,5.6,56.6,5446.4,4105.0,"最も近い抵抗：5,880.0円（+2.3%・2回反落した価格帯）",,11.1,513,5750.0,増収減益：利益率悪化に注意 / 季節性は過去の同時期と比較して確認,年間業績の成長=4 四半期業績の成長=1 通期予想に対する進捗率=7 PER=9 PEGレシオ=9,開示表題に該当なし（決算短信本文は未確認）,2四半期連続増益,2026-06,5.4,100.0,
,76,7453,良品計画,プライム,小売業,68.8,77.7,27,,30.2,-6.8,65,直近20日25 25日線17 高値から10 上値余地3 5日線10,対象外（買い時点が下位）,,18.1,1.5,4.3,61.1,4135.8,3650.4,"最も近い抵抗：4,450.0円（+3.2%・2回反落した価格帯）",,34.2,24214,4312.0,季節性は過去の同時期と比較して確認,年間業績の成長=7 四半期業績の成長=7 通期予想に対する進捗率=7 PER=0 PEGレシオ=6,開示表題に該当なし（決算短信本文は未確認）,2四半期連続増益,2026-05,53.6,18.4,
,88,8159,立花エレテック,プライム,卸売業,66.9,89.4,20,○,51.3,-3.5,65,直近20日25 25日線17 高値から20 上値余地3 5日線0,対象外（買い時点が下位）,,30.4,4.2,4.3,60.5,4148.4,3317.4,"最も近い抵抗：4,480.0円（+3.6%・52週高値）",,13.6,1082,4325.0,増収減益：利益率悪化に注意 / 季節性は過去の同時期と比較して確認,年間業績の成長=1 四半期業績の成長=7 通期予想に対する進捗率=3 PER=9 PEGレシオ=0,開示表題に該当なし（決算短信本文は未確認）,2四半期連続増益,2026-06,116.8,5.6,
,43,5186,ニッタ,プライム,ゴム製品,77.6,86.3,31,○,55.8,-6.1,63,直近20日25 25日線25 高値から10 上値余地3 5日線0,対象外（買い時点が下位）,,27.6,2.7,1.7,54.8,6718.0,5353.2,"最も近い抵抗：6,930.0円（+1.5%・4回反落した価格帯）",,12.5,1999,6830.0,季節性は過去の同時期と比較して確認,年間業績の成長=4 四半期業績の成長=7 通期予想に対する進捗率=5 PER=9 PEGレシオ=6,開示表題に該当なし（決算短信本文は未確認）,2四半期連続増益,2026-06,160.4,51.9,
,65,4212,積水樹脂,プライム,化学,71.2,82.4,27,○,39.3,-5.8,63,直近20日25 25日線25 高値から10 上値余地3 5日線0,対象外（買い時点が下位）,,21.3,0.4,-0.4,51.3,2942.9,2416.8,"最も近い抵抗：3,035.0円（+3.5%・4回反落した価格帯）",,16.3,903,2931.0,季節性は過去の同時期と比較して確認,年間業績の成長=2 四半期業績の成長=7 通期予想に対する進捗率=0 PER=9 PEGレシオ=9,開示表題に該当なし（決算短信本文は未確認）,2四半期連続増益,2026-06,64.3,6.1,
,69,4228,積水化成品工業,プライム,化学,69.8,79.5,27,○,41.2,-7.6,63,直近20日25 25日線25 高値から10 上値余地3 5日線0,対象外（買い時点が下位）,,22.0,3.4,2.8,55.1,600.0,505.8,最も近い抵抗：637.0円（+3.2%・2回反落した価格帯）,,11.3,290,617.0,季節性は過去の同時期と比較して確認,年間業績の成長=1 四半期業績の成長=1 通期予想に対する進捗率=7 PER=9 PEGレシオ=9,開示表題に該当なし（決算短信本文は未確認）,2四半期連続増益,2026-06,296.9,144.6,
,24,6023,ダイハツインフィニアース,スタンダード,輸送用機器,82.3,86.8,35,○,61.1,-6.2,61,直近20日18 25日線25 高値から10 上値余地8 5日線0,対象外（買い時点が下位）,,21.4,10.5,2.7,56.3,3219.6,2723.2,"最も近い抵抗：3,520.0円（+6.5%・2回反落した価格帯）",,11.9,904,3305.0,季節性は過去の同時期と比較して確認,年間業績の成長=7 四半期業績の成長=7 通期予想に対する進捗率=3 PER=9 PEGレシオ=9,開示表題に該当なし（決算短信本文は未確認）,2四半期連続増益,2026-06,53.7,70.0,
,11,8137,サンワテクノス,プライム,卸売業,89.0,93.6,38,○,54.7,-0.7,59,直近20日18 25日線8 高値から20 上値余地3 5日線10,対象外（買い時点が下位）,,36.8,15.8,9.1,70.0,4460.8,3556.0,"最も近い抵抗：4,900.0円（+0.7%・52週高値）",,18.1,781,4865.0,季節性は過去の同時期と比較して確認,年間業績の成長=7 四半期業績の成長=10 通期予想に対する進捗率=3 PER=9 PEGレシオ=9,開示表題に該当なし（決算短信本文は未確認）,2四半期連続増益,2026-06,394.4,30.5,
,12,6652,ＩＤＥＣ,プライム,電気機器,87.6,86.3,40,○,36.2,-2.6,59,直近20日18 25日線8 高値から20 上値余地3 5日線10,対象外（買い時点が下位）,,23.7,10.2,9.7,71.5,3700.6,3280.9,"最も近い抵抗：4,170.0円（+2.7%・52週高値）",,14.0,1274,4060.0,季節性は過去の同時期と比較して確認,年間業績の成長=7 四半期業績の成長=10 通期予想に対する進捗率=5 PER=9 PEGレシオ=9,開示表題に該当なし（決算短信本文は未確認）,2四半期連続増益,2026-06,659.3,28.9,
,23,3040,ソリトンシステムズ,プライム,情報・通信業,83.0,94.8,32,○,64.1,-1.0,59,直近20日18 25日線8 高値から20 上値余地3 5日線10,対象外（買い時点が下位）,,33.9,19.0,11.4,68.8,2461.6,2048.1,"最も近い抵抗：2,771.0円（+1.1%・52週高値）",,19.1,541,2742.0,季節性は過去の同時期と比較して確認,年間業績の成長=7 四半期業績の成長=7 通期予想に対する進捗率=3 PER=9 PEGレシオ=6,開示表題に該当なし（決算短信本文は未確認）,2四半期連続増益,2026-06,334.5,53.1,
,33,9962,ミスミグループ本社,プライム,卸売業,80.1,91.4,31,○,57.1,-2.6,59,直近20日18 25日線8 高値から20 上値余地3 5日線10,対象外（買い時点が下位）,,25.1,12.8,10.2,67.4,3715.6,3271.1,"最も近い抵抗：4,204.0円（+2.7%・52週高値）",,23.8,11678,4093.0,季節性は過去の同時期と比較して確認,年間業績の成長=7 四半期業績の成長=10 通期予想に対する進捗率=5 PER=6 PEGレシオ=3,開示表題に該当なし（決算短信本文は未確認）,2四半期連続増益,2026-06,84.8,48.5,
,44,2760,東京エレクトロン　デバイス,プライム,卸売業,77.1,91.9,28,○,52.8,-2.1,59,直近20日18 25日線8 高値から20 上値余地3 5日線10,対象外（買い時点が下位）,,23.6,12.8,8.8,63.7,4256.6,3744.8,"最も近い抵抗：4,730.0円（+2.2%・52週高値）",,14.5,1451,4630.0,不明なデータあり,年間業績の成長=評価不能 四半期業績の成長=10 通期予想に対する進捗率=評価不能 PER=9 PEGレシオ=9,開示表題に該当なし（決算短信本文は未確認）,2四半期連続増益,2026-06,178.8,9.7,
,46,7867,タカラトミー,プライム,その他製品,76.6,93.2,27,○,61.6,-2.2,59,直近20日18 25日線8 高値から20 上値余地3 5日線10,対象外（買い時点が下位）,,35.8,13.3,8.0,71.1,3865.6,3075.1,"最も近い抵抗：4,267.0円（+2.2%・52週高値）",,19.9,3909,4175.0,季節性は過去の同時期と比較して確認,年間業績の成長=2 四半期業績の成長=4 通期予想に対する進捗率=3 PER=9 PEGレシオ=9,開示表題に該当なし（決算短信本文は未確認）,2四半期連続増益,2026-06,19.8,48.0,
,49,6302,住友重機械工業,プライム,機械,76.3,85.9,30,,29.8,-1.2,59,直近20日18 25日線8 高値から20 上値余地3 5日線10,対象外（買い時点が下位）,,20.2,14.7,8.3,66.6,5824.5,5249.3,"最も近い抵抗：6,362.0円（+0.8%・2回反落した価格帯）",,21.4,7755,6310.0,季節性は過去の同時期と比較して確認,年間業績の成長=4 四半期業績の成長=7 通期予想に対する進捗率=7 PER=6 PEGレシオ=6,開示表題に該当なし（決算短信本文は未確認）,2四半期連続増益,2026-06,129.5,19.6,
,91,6947,図研,プライム,電気機器,65.8,85.0,21,,27.0,-0.7,59,直近20日18 25日線8 高値から20 上値余地3 5日線10,対象外（買い時点が下位）,,16.8,12.2,10.0,75.1,5008.2,4717.5,"最も近い抵抗：5,550.0円（+0.7%・52週高値）",,20.4,1226,5510.0,季節性は過去の同時期と比較して確認,年間業績の成長=2 四半期業績の成長=10 通期予想に対する進捗率=3 PER=6 PEGレシオ=0,開示表題に該当なし（決算短信本文は未確認）,2四半期連続増益,2026-06,90.8,7.4,
,97,6638,ミマキエンジニアリング,プライム,電気機器,64.2,90.6,17,○,49.6,-2.4,59,直近20日18 25日線8 高値から20 上値余地3 5日線10,対象外（買い時点が下位）,,26.8,19.0,12.8,68.0,2041.6,1816.0,"最も近い抵抗：2,358.0円（+2.4%・52週高値）",,10.9,738,2302.0,増収減益：利益率悪化に注意 / 季節性は過去の同時期と比較して確認,年間業績の成長=1 四半期業績の成長=4 通期予想に対する進捗率=3 PER=9 PEGレシオ=0,開示表題に該当なし（決算短信本文は未確認）,2四半期連続増益,2026-06,21.8,82.8,
,99,5121,藤倉コンポジット,プライム,ゴム製品,63.8,85.4,19,○,29.0,-1.3,59,直近20日18 25日線8 高値から20 上値余地3 5日線10,対象外（買い時点が下位）,,23.3,14.7,9.9,69.2,2797.5,2494.4,"最も近い抵抗：3,115.0円（+1.3%・52週高値）",,14.8,617,3075.0,増収減益：利益率悪化に注意 / 季節性は過去の同時期と比較して確認,年間業績の成長=1 四半期業績の成長=2 通期予想に対する進捗率=7 PER=9 PEGレシオ=0,開示表題に該当なし（決算短信本文は未確認）,2四半期連続増益,2026-06,12.6,25.7,
,3,6490,ＰＩＬＬＡＲ,プライム,機械,93.8,96.4,41,,69.6,0.0,58,直近20日5 25日線8 高値から20 上値余地15 5日線10,対象外（買い時点が下位）,,43.8,31.0,22.6,74.3,9938.4,8471.3,過去250日で現在値より上に抵抗線候補なし（高値更新中）,,19.9,3050,12180.0,季節性は過去の同時期と比較して確認,年間業績の成長=10 四半期業績の成長=10 通期予想に対する進捗率=3 PER=9 PEGレシオ=9,開示表題に該当なし（決算短信本文は未確認）,2四半期連続増益,2026-06,83.0,15.0,
,59,6523,ＰＨＣホールディングス,プライム,電気機器,73.3,84.4,28,,44.9,-5.4,56,直近20日25 25日線8 高値から10 上値余地3 5日線10,対象外（買い時点が下位）,,40.6,7.1,12.1,65.2,1429.4,1139.8,"最も近い抵抗：1,676.2円（+4.6%・出来高集中帯）",,13.2,2041,1603.0,IFRS：経常益は税引前利益 / 黒字転換の指標は「プラス」として扱った / 季節性は過去の同時期と比較して確認,年間業績の成長=1 四半期業績の成長=2 通期予想に対する進捗率=7 PER=9 PEGレシオ=9,開示表題に該当なし（決算短信本文は未確認）,2四半期連続増益,2026-06,170.8,0.5,
,15,7609,ダイトロン,プライム,卸売業,85.2,83.7,39,,63.1,-8.1,54,直近20日18 25日線8 高値から10 上値余地8 5日線10,対象外（買い時点が下位）,,37.5,15.2,10.6,65.5,4079.2,3279.9,"最も近い抵抗：4,910.0円（+8.9%・52週高値）",,14.7,933,4510.0,季節性は過去の同時期と比較して確認,年間業績の成長=7 四半期業績の成長=7 通期予想に対する進捗率=7 PER=9 PEGレシオ=9,開示表題に該当なし（決算短信本文は未確認）,2四半期連続増益,2026-06,20.0,57.3,
,34,325A,ＴＥＮＴＩＡＬ,グロース,繊維製品,79.6,90.3,31,○,84.6,-5.6,54,直近20日18 25日線8 高値から10 上値余地8 5日線10,対象外（買い時点が下位）,,43.9,17.1,10.4,63.7,1863.6,1430.0,"最も近い抵抗：2,180.0円（+5.9%・52週高値）",,18.1,479,2058.0,季節性は過去の同時期と比較して確認,年間業績の成長=10 四半期業績の成長=評価不能 通期予想に対する進捗率=3 PER=9 PEGレシオ=9,開示表題に該当なし（決算短信本文は未確認）,不明（残す）,,,,
,74,4968,荒川化学工業,プライム,化学,69.2,89.6,22,○,96.5,-6.5,54,直近20日18 25日線8 高値から10 上値余地8 5日線10,対象外（買い時点が下位）,,51.2,19.6,13.0,63.4,2212.0,1652.9,"最も近い抵抗：2,625.0円（+5.0%・2回反落した価格帯）",,22.0,516,2500.0,季節性は過去の同時期と比較して確認,年間業績の成長=2 四半期業績の成長=7 通期予想に対する進捗率=7 PER=6 PEGレシオ=0,開示表題に該当なし（決算短信本文は未確認）,2四半期連続増益,2026-06,140.8,1458.1,
,77,7729,東京精密,プライム,精密機器,68.4,85.7,23,,49.8,-5.7,54,直近20日18 25日線8 高値から10 上値余地8 5日線10,対象外（買い時点が下位）,,24.6,19.5,14.9,68.6,17491.0,16140.2,"最も近い抵抗：21,310.0円（+6.0%・52週高値）",,26.5,8501,20105.0,季節性は過去の同時期と比較して確認,年間業績の成長=7 四半期業績の成長=7 通期予想に対する進捗率=0 PER=3 PEGレシオ=6,開示表題に該当なし（決算短信本文は未確認）,2四半期連続増益,2026-06,29.3,20.8,
,92,6508,明電舎,プライム,電気機器,65.8,87.1,20,○,55.6,-5.5,54,直近20日18 25日線8 高値から10 上値余地8 5日線10,対象外（買い時点が下位）,,38.7,12.9,8.5,64.0,11119.2,8695.5,"最も近い抵抗：12,760.0円（+5.8%・52週高値）",,21.9,5491,12060.0,季節性は過去の同時期と比較して確認,年間業績の成長=4 四半期業績の成長=10 通期予想に対する進捗率=0 PER=6 PEGレシオ=0,開示表題に該当なし（決算短信本文は未確認）,2四半期連続増益,2026-06,1239.1,29.0,
,71,6863,ニレコ,スタンダード,電気機器,69.5,87.9,23,,64.1,-5.8,53,直近20日18 25日線17 高値から10 上値余地8 5日線0,対象外（買い時点が下位）,,32.3,11.6,5.2,58.5,1034.6,822.3,"最も近い抵抗：1,155.0円（+6.2%・52週高値）",,15.6,240,1088.0,季節性は過去の同時期と比較して確認,年間業績の成長=4 四半期業績の成長=10 通期予想に対する進捗率=0 PER=9 PEGレシオ=0,開示表題に該当なし（決算短信本文は未確認）,2四半期連続増益,2026-06,62.8,6.3,
,50,6834,精工技研,スタンダード,電気機器,76.1,81.0,32,,58.1,-9.3,48,直近20日5 25日線8 高値から10 上値余地15 5日線10,対象外（買い時点が下位）,,48.4,37.3,23.5,70.0,5603.0,4661.9,"最も近い抵抗：7,630.0円（+10.3%・52週高値）",,33.6,3229,6920.0,季節性は過去の同時期と比較して確認,年間業績の成長=10 四半期業績の成長=10 通期予想に対する進捗率=3 PER=0 PEGレシオ=9,開示表題に該当なし（決算短信本文は未確認）,2四半期連続増益,2026-06,130.5,160.4,
,6,5136,ｔｒｉｐｌａ,グロース,情報・通信業,91.2,91.3,41,○,64.8,-3.7,46,直近20日5 25日線8 高値から20 上値余地3 5日線10,対象外（買い時点が下位）,,43.1,27.3,13.0,68.2,2182.4,1723.1,"最も近い抵抗：2,560.0円（+3.9%・52週高値）",,19.1,146,2465.0,季節性は過去の同時期と比較して確認,年間業績の成長=10 四半期業績の成長=10 通期予想に対する進捗率=3 PER=9 PEGレシオ=9,開示表題に該当なし（決算短信本文は未確認）,2四半期連続増益,2026-07,238.4,121.1,
,8,4461,第一工業製薬,プライム,化学,89.4,98.8,36,○,116.0,-0.1,46,直近20日5 25日線8 高値から20 上値余地3 5日線10,対象外（買い時点が下位）,,52.6,26.4,20.4,70.8,13469.2,10626.6,"最も近い抵抗：16,240.0円（+0.1%・52週高値）",,22.4,1733,16220.0,季節性は過去の同時期と比較して確認,年間業績の成長=7 四半期業績の成長=10 通期予想に対する進捗率=7 PER=6 PEGレシオ=6,開示表題に該当なし（決算短信本文は未確認）,2四半期連続増益,2026-06,197.7,96.8,
,29,3132,マクニカホールディングス,プライム,卸売業,81.6,96.6,30,○,84.5,-1.3,46,直近20日5 25日線8 高値から20 上値余地3 5日線10,対象外（買い時点が下位）,,44.7,21.3,11.1,68.7,3868.8,2971.0,"最も近い抵抗：4,356.0円（+1.3%・52週高値）",,24.0,7700,4300.0,季節性は過去の同時期と比較して確認,年間業績の成長=4 四半期業績の成長=10 通期予想に対する進捗率=7 PER=6 PEGレシオ=3,開示表題に該当なし（決算短信本文は未確認）,2四半期連続増益,2026-06,101.2,113.1,
,86,4203,住友ベークライト,プライム,化学,67.4,97.1,17,○,87.7,-1.1,46,直近20日5 25日線8 高値から20 上値余地3 5日線10,対象外（買い時点が下位）,,43.1,26.6,15.9,74.6,7766.9,6285.8,"最も近い抵抗：9,099.0円（+1.1%・52週高値）",,27.7,7941,8998.0,IFRS：経常益は税引前利益 / 不明なデータあり / 季節性は過去の同時期と比較して確認,年間業績の成長=評価不能 四半期業績の成長=7 通期予想に対する進捗率=7 PER=3 PEGレシオ=0,開示表題に該当なし（決算短信本文は未確認）,2四半期連続増益,2026-06,65.1,61.6,
,81,8154,加賀電子,プライム,卸売業,67.7,86.6,22,○,49.3,-5.0,44,直近20日18 25日線8 高値から10 上値余地8 5日線0,対象外（買い時点が下位）,,27.7,12.4,8.1,65.3,5099.0,4313.5,"最も近い抵抗：5,800.0円（+5.3%・52週高値）",,9.1,2892,5510.0,増収減益：利益率悪化に注意 / 季節性は過去の同時期と比較して確認,年間業績の成長=1 四半期業績の成長=7 通期予想に対する進捗率=5 PER=9 PEGレシオ=0,開示表題に該当なし（決算短信本文は未確認）,2四半期連続増益,2026-06,30.6,51.0,
,5,6134,ＦＵＪＩ,プライム,機械,92.6,89.6,43,,77.4,-5.8,36,直近20日5 25日線8 高値から10 上値余地3 5日線10,対象外（買い時点が下位）,,35.8,23.4,17.2,71.7,7188.9,6204.7,"最も近い抵抗：8,561.0円（+1.6%・2回反落した価格帯）",,16.8,8245,8428.0,季節性は過去の同時期と比較して確認,年間業績の成長=10 四半期業績の成長=10 通期予想に対する進捗率=5 PER=9 PEGレシオ=9,開示表題に該当なし（決算短信本文は未確認）,2四半期連続増益,2026-06,192.3,160.7,
,42,6627,テラプローブ,スタンダード,電気機器,78.0,78.2,35,,68.3,-11.8,36,直近20日5 25日線8 高値から10 上値余地3 5日線10,対象外（買い時点が下位）,,34.3,23.1,16.4,65.6,2267.3,1965.6,"最も近い抵抗：2,694.0円（+2.1%・2回反落した価格帯）",,20.0,1225,2639.0,季節性は過去の同時期と比較して確認,年間業績の成長=10 四半期業績の成長=10 通期予想に対する進捗率=0 PER=6 PEGレシオ=9,開示表題に該当なし（決算短信本文は未確認）,2四半期連続増益,2026-06,103.0,83.4,
,85,6317,北川鉄工所,スタンダード,機械,67.5,90.5,20,○,62.5,-4.0,36,直近20日5 25日線8 高値から20 上値余地3 5日線0,対象外（買い時点が下位）,,41.6,40.1,16.5,76.3,2151.4,1770.2,"最も近い抵抗：2,611.0円（+4.2%・52週高値）",,7.0,242,2506.0,増収減益：利益率悪化に注意 / 季節性は過去の同時期と比較して確認 / PERが低すぎる：業績悪化・財務不安がないか確認,年間業績の成長=4 四半期業績の成長=1 通期予想に対する進捗率=0 PER=9 PEGレシオ=6,開示表題に該当なし（決算短信本文は未確認）,2四半期連続増益,2026-06,44.4,105.6,
