順位,コード,銘柄名,市場,業種,テクニカル点,出来高倍率,終値,25日平均売買代金_億円,RSI,内訳,基準日
1,3064,ＭｏｎｏｔａＲＯ,プライム,小売業,44,1.97,2060.0,34.41,63.6,200日線との関係=8 5日線と25日線のGC=9 5日線と25日線の乖離率=7 ローソク足・上昇力=8 出来高=6 レジスタンスライン=1 RSI(14)=5,2026-10-02
2,6383,ダイフク,プライム,機械,43,1.57,5851.0,99.0,57.3,200日線との関係=8 5日線と25日線のGC=6 5日線と25日線の乖離率=7 ローソク足・上昇力=8 出来高=6 レジスタンスライン=1 RSI(14)=7,2026-10-02
3,6501,日立製作所,プライム,電気機器,43,1.13,5522.0,548.8,58.0,200日線との関係=8 5日線と25日線のGC=6 5日線と25日線の乖離率=7 ローソク足・上昇力=8 出来高=3 レジスタンスライン=4 RSI(14)=7,2026-10-02
4,6651,日東工業,プライム,電気機器,43,1.05,4450.0,2.89,54.5,200日線との関係=8 5日線と25日線のGC=9 5日線と25日線の乖離率=7 ローソク足・上昇力=8 出来高=3 レジスタンスライン=1 RSI(14)=7,2026-10-02
5,4182,三菱瓦斯化学,プライム,化学,43,0.95,3915.0,56.43,51.0,200日線との関係=8 5日線と25日線のGC=9 5日線と25日線の乖離率=7 ローソク足・上昇力=8 出来高=0 レジスタンスライン=4 RSI(14)=7,2026-10-02
6,4063,信越化学工業,プライム,化学,43,0.9,6030.0,380.06,55.1,200日線との関係=8 5日線と25日線のGC=9 5日線と25日線の乖離率=7 ローソク足・上昇力=8 出来高=0 レジスタンスライン=4 RSI(14)=7,2026-10-02
7,3042,セキュアヴェイル,スタンダード,情報・通信業,42,97.89,338.0,1.92,71.4,200日線との関係=8 5日線と25日線のGC=9 5日線と25日線の乖離率=7 ローソク足・上昇力=2 出来高=9 レジスタンスライン=4 RSI(14)=3,2026-10-02
8,4980,デクセリアルズ,プライム,化学,42,2.2,3389.0,44.87,66.9,200日線との関係=8 5日線と25日線のGC=9 5日線と25日線の乖離率=2 ローソク足・上昇力=2 出来高=9 レジスタンスライン=7 RSI(14)=5,2026-10-02
9,4004,レゾナック・ホールディングス,プライム,化学,42,2.18,17280.0,310.96,62.9,200日線との関係=0 5日線と25日線のGC=9 5日線と25日線の乖離率=7 ローソク足・上昇力=8 出来高=9 レジスタンスライン=4 RSI(14)=5,2026-10-02
10,5801,古河電気工業,プライム,非鉄金属,42,1.87,4429.0,869.2,63.4,200日線との関係=0 5日線と25日線のGC=9 5日線と25日線の乖離率=7 ローソク足・上昇力=8 出来高=6 レジスタンスライン=7 RSI(14)=5,2026-10-02
11,9766,コナミグループ,プライム,情報・通信業,42,1.81,22350.0,104.53,61.3,200日線との関係=6 5日線と25日線のGC=9 5日線と25日線の乖離率=7 ローソク足・上昇力=8 出来高=6 レジスタンスライン=1 RSI(14)=5,2026-10-02
12,6622,ダイヘン,プライム,電気機器,42,1.31,2776.0,21.33,61.4,200日線との関係=8 5日線と25日線のGC=9 5日線と25日線の乖離率=5 ローソク足・上昇力=8 出来高=3 レジスタンスライン=4 RSI(14)=5,2026-10-02
13,6507,シンフォニアテクノロジー,プライム,電気機器,41,2.08,14400.0,22.59,69.1,200日線との関係=6 5日線と25日線のGC=9 5日線と25日線の乖離率=0 ローソク足・上昇力=8 出来高=9 レジスタンスライン=4 RSI(14)=5,2026-10-02
14,4935,リベルタ,スタンダード,化学,40,11.18,240.0,4.71,60.4,200日線との関係=8 5日線と25日線のGC=9 5日線と25日線の乖離率=2 ローソク足・上昇力=0 出来高=9 レジスタンスライン=7 RSI(14)=5,2026-10-02
15,7447,ナガイレーベン,プライム,卸売業,40,5.15,1704.0,1.98,56.6,200日線との関係=8 5日線と25日線のGC=0 5日線と25日線の乖離率=7 ローソク足・上昇力=8 出来高=9 レジスタンスライン=1 RSI(14)=7,2026-10-02
16,6506,安川電機,プライム,電気機器,40,1.01,4806.0,157.01,56.4,200日線との関係=8 5日線と25日線のGC=6 5日線と25日線の乖離率=7 ローソク足・上昇力=8 出来高=3 レジスタンスライン=1 RSI(14)=7,2026-10-02
17,6590,芝浦メカトロニクス,プライム,電気機器,40,0.77,4260.0,53.04,58.4,200日線との関係=8 5日線と25日線のGC=9 5日線と25日線の乖離率=7 ローソク足・上昇力=2 出来高=0 レジスタンスライン=7 RSI(14)=7,2026-10-02
18,4506,住友ファーマ,プライム,医薬品,40,0.74,1613.5,57.84,58.0,200日線との関係=8 5日線と25日線のGC=9 5日線と25日線の乖離率=7 ローソク足・上昇力=2 出来高=0 レジスタンスライン=7 RSI(14)=7,2026-10-02
19,9556,ＩＮＴＬＯＯＰ,グロース,サービス業,40,0.38,2386.0,2.09,53.7,200日線との関係=8 5日線と25日線のGC=9 5日線と25日線の乖離率=7 ローソク足・上昇力=2 出来高=0 レジスタンスライン=7 RSI(14)=7,2026-10-02
20,4894,クオリプス,グロース,医薬品,39,2.67,6260.0,6.8,60.7,200日線との関係=8 5日線と25日線のGC=9 5日線と25日線の乖離率=2 ローソク足・上昇力=2 出来高=9 レジスタンスライン=4 RSI(14)=5,2026-10-02
21,6532,ベイカレント,プライム,サービス業,39,1.84,8096.0,87.65,62.1,200日線との関係=0 5日線と25日線のGC=9 5日線と25日線の乖離率=7 ローソク足・上昇力=8 出来高=6 レジスタンスライン=4 RSI(14)=5,2026-10-02
22,3433,トーカロ,プライム,金属製品,39,1.67,2987.0,5.82,64.2,200日線との関係=8 5日線と25日線のGC=9 5日線と25日線の乖離率=5 ローソク足・上昇力=2 出来高=6 レジスタンスライン=4 RSI(14)=5,2026-10-02
23,5802,住友電気工業,プライム,非鉄金属,39,1.55,2452.0,401.19,65.1,200日線との関係=8 5日線と25日線のGC=9 5日線と25日線の乖離率=2 ローソク足・上昇力=8 出来高=6 レジスタンスライン=1 RSI(14)=5,2026-10-02
24,9621,建設技術研究所,プライム,サービス業,39,1.54,3355.0,2.2,63.6,200日線との関係=6 5日線と25日線のGC=9 5日線と25日線の乖離率=7 ローソク足・上昇力=2 出来高=6 レジスタンスライン=4 RSI(14)=5,2026-10-02
25,5803,フジクラ,プライム,非鉄金属,39,1.42,5598.0,1954.98,61.4,200日線との関係=3 5日線と25日線のGC=9 5日線と25日線の乖離率=7 ローソク足・上昇力=5 出来高=3 レジスタンスライン=7 RSI(14)=5,2026-10-02
26,6407,ＣＫＤ,プライム,機械,39,1.36,5730.0,26.89,58.4,200日線との関係=8 5日線と25日線のGC=9 5日線と25日線の乖離率=5 ローソク足・上昇力=0 出来高=3 レジスタンスライン=7 RSI(14)=7,2026-10-02
27,6289,技研製作所,プライム,機械,39,1.21,2031.0,1.56,68.4,200日線との関係=8 5日線と25日線のGC=9 5日線と25日線の乖離率=5 ローソク足・上昇力=2 出来高=3 レジスタンスライン=7 RSI(14)=5,2026-10-02
28,8081,カナデン,プライム,卸売業,39,0.55,2640.0,1.36,61.1,200日線との関係=6 5日線と25日線のGC=9 5日線と25日線の乖離率=7 ローソク足・上昇力=8 出来高=0 レジスタンスライン=4 RSI(14)=5,2026-10-02
29,4288,アズジェント,スタンダード,情報・通信業,38,221.22,581.0,2.42,80.5,200日線との関係=8 5日線と25日線のGC=9 5日線と25日線の乖離率=5 ローソク足・上昇力=5 出来高=9 レジスタンスライン=1 RSI(14)=1,2026-10-02
30,4477,ＢＡＳＥ,グロース,情報・通信業,38,6.5,370.0,5.18,75.5,200日線との関係=3 5日線と25日線のGC=9 5日線と25日線の乖離率=7 ローソク足・上昇力=8 出来高=9 レジスタンスライン=1 RSI(14)=1,2026-10-02
31,9072,ニッコンホールディングス,プライム,陸運業,38,3.04,4524.0,13.86,25.7,200日線との関係=8 5日線と25日線のGC=0 5日線と25日線の乖離率=2 ローソク足・上昇力=5 出来高=9 レジスタンスライン=7 RSI(14)=7,2026-10-02
32,6754,アンリツ,プライム,電気機器,38,1.39,3489.0,31.14,59.1,200日線との関係=8 5日線と25日線のGC=9 5日線と25日線の乖離率=5 ローソク足・上昇力=2 出来高=3 レジスタンスライン=4 RSI(14)=7,2026-10-02
33,7721,東京計器,プライム,精密機器,38,1.37,7520.0,18.81,58.3,200日線との関係=8 5日線と25日線のGC=6 5日線と25日線の乖離率=5 ローソク足・上昇力=8 出来高=3 レジスタンスライン=1 RSI(14)=7,2026-10-02
34,6965,浜松ホトニクス,プライム,電気機器,38,0.94,2389.0,48.35,56.9,200日線との関係=6 5日線と25日線のGC=9 5日線と25日線の乖離率=7 ローソク足・上昇力=2 出来高=0 レジスタンスライン=7 RSI(14)=7,2026-10-02
35,5214,日本電気硝子,プライム,ガラス・土石製品,38,0.84,5059.0,30.36,58.0,200日線との関係=8 5日線と25日線のGC=9 5日線と25日線の乖離率=7 ローソク足・上昇力=0 出来高=0 レジスタンスライン=7 RSI(14)=7,2026-10-02
36,6387,サムコ,プライム,機械,38,0.83,9200.0,11.37,57.9,200日線との関係=8 5日線と25日線のGC=9 5日線と25日線の乖離率=5 ローソク足・上昇力=2 出来高=0 レジスタンスライン=7 RSI(14)=7,2026-10-02
37,7018,内海造船,スタンダード,輸送用機器,38,0.81,13360.0,3.95,54.8,200日線との関係=8 5日線と25日線のGC=9 5日線と25日線の乖離率=7 ローソク足・上昇力=0 出来高=0 レジスタンスライン=7 RSI(14)=7,2026-10-02
38,4165,プレイド,グロース,情報・通信業,38,0.78,707.0,2.35,58.7,200日線との関係=6 5日線と25日線のGC=9 5日線と25日線の乖離率=7 ローソク足・上昇力=5 出来高=0 レジスタンスライン=4 RSI(14)=7,2026-10-02
39,9130,共栄タンカー,スタンダード,海運業,38,0.27,1711.0,5.17,51.9,200日線との関係=3 5日線と25日線のGC=6 5日線と25日線の乖離率=7 ローソク足・上昇力=8 出来高=0 レジスタンスライン=7 RSI(14)=7,2026-10-02
40,3549,クスリのアオキホールディングス,スタンダード,小売業,37,5.16,4411.0,13.52,64.9,200日線との関係=6 5日線と25日線のGC=0 5日線と25日線の乖離率=5 ローソク足・上昇力=8 出来高=9 レジスタンスライン=4 RSI(14)=5,2026-10-02
41,5332,ＴＯＴＯ,プライム,ガラス・土石製品,37,1.72,6097.0,62.25,52.4,200日線との関係=8 5日線と25日線のGC=3 5日線と25日線の乖離率=7 ローソク足・上昇力=2 出来高=6 レジスタンスライン=4 RSI(14)=7,2026-10-02
42,2325,ＮＪＳ,プライム,サービス業,37,1.68,4625.0,1.07,50.3,200日線との関係=8 5日線と25日線のGC=0 5日線と25日線の乖離率=7 ローソク足・上昇力=8 出来高=6 レジスタンスライン=1 RSI(14)=7,2026-10-02
43,7157,ライフネット生命保険,プライム,保険業,37,1.44,1461.0,3.95,49.7,200日線との関係=8 5日線と25日線のGC=6 5日線と25日線の乖離率=7 ローソク足・上昇力=2 出来高=0 レジスタンスライン=7 RSI(14)=7,2026-10-02
44,6471,日本精工,プライム,機械,37,1.38,1107.0,26.08,53.3,200日線との関係=8 5日線と25日線のGC=6 5日線と25日線の乖離率=7 ローソク足・上昇力=5 出来高=3 レジスタンスライン=1 RSI(14)=7,2026-10-02
45,2413,エムスリー,プライム,サービス業,37,1.33,1753.0,60.51,49.5,200日線との関係=8 5日線と25日線のGC=6 5日線と25日線の乖離率=7 ローソク足・上昇力=2 出来高=0 レジスタンスライン=7 RSI(14)=7,2026-10-02
46,7245,大同メタル工業,プライム,輸送用機器,37,1.29,1236.0,4.14,56.5,200日線との関係=8 5日線と25日線のGC=6 5日線と25日線の乖離率=7 ローソク足・上昇力=2 出来高=0 レジスタンスライン=7 RSI(14)=7,2026-10-02
47,3436,ＳＵＭＣＯ,プライム,金属製品,37,1.05,3588.0,349.59,61.4,200日線との関係=0 5日線と25日線のGC=9 5日線と25日線の乖離率=5 ローソク足・上昇力=8 出来高=3 レジスタンスライン=7 RSI(14)=5,2026-10-02
48,6988,日東電工,プライム,化学,37,1.01,3506.0,101.26,57.5,200日線との関係=8 5日線と25日線のGC=6 5日線と25日線の乖離率=7 ローソク足・上昇力=8 出来高=0 レジスタンスライン=1 RSI(14)=7,2026-10-02
49,6113,アマダ,プライム,機械,37,1.0,2626.5,53.91,58.4,200日線との関係=8 5日線と25日線のGC=9 5日線と25日線の乖離率=7 ローソク足・上昇力=5 出来高=0 レジスタンスライン=1 RSI(14)=7,2026-10-02
50,7741,ＨＯＹＡ,プライム,精密機器,37,0.86,24180.0,297.46,54.7,200日線との関係=8 5日線と25日線のGC=6 5日線と25日線の乖離率=7 ローソク足・上昇力=8 出来高=0 レジスタンスライン=1 RSI(14)=7,2026-10-02
51,6961,エンプラス,プライム,電気機器,37,0.8,10740.0,13.31,56.6,200日線との関係=8 5日線と25日線のGC=9 5日線と25日線の乖離率=7 ローソク足・上昇力=2 出来高=0 レジスタンスライン=4 RSI(14)=7,2026-10-02
52,6954,ファナック,プライム,電気機器,37,0.78,6075.0,270.08,52.8,200日線との関係=8 5日線と25日線のGC=9 5日線と25日線の乖離率=7 ローソク足・上昇力=2 出来高=0 レジスタンスライン=4 RSI(14)=7,2026-10-02
53,4970,東洋合成工業,スタンダード,化学,37,0.68,10780.0,7.39,51.4,200日線との関係=8 5日線と25日線のGC=3 5日線と25日線の乖離率=7 ローソク足・上昇力=8 出来高=0 レジスタンスライン=4 RSI(14)=7,2026-10-02
54,5302,日本カーボン,プライム,ガラス・土石製品,37,0.66,5170.0,2.52,59.5,200日線との関係=8 5日線と25日線のGC=9 5日線と25日線の乖離率=7 ローソク足・上昇力=2 出来高=0 レジスタンスライン=4 RSI(14)=7,2026-10-02
55,7995,バルカー,プライム,化学,36,1.3,6900.0,3.5,59.5,200日線との関係=3 5日線と25日線のGC=9 5日線と25日線の乖離率=7 ローソク足・上昇力=0 出来高=3 レジスタンスライン=7 RSI(14)=7,2026-10-02
56,6723,ルネサスエレクトロニクス,プライム,電気機器,36,1.03,3575.0,345.57,56.9,200日線との関係=8 5日線と25日線のGC=9 5日線と25日線の乖離率=5 ローソク足・上昇力=0 出来高=0 レジスタンスライン=7 RSI(14)=7,2026-10-02
57,5344,ＭＡＲＵＷＡ,プライム,ガラス・土石製品,36,1.01,58350.0,52.83,57.8,200日線との関係=8 5日線と25日線のGC=9 5日線と25日線の乖離率=5 ローソク足・上昇力=0 出来高=0 レジスタンスライン=7 RSI(14)=7,2026-10-02
58,4686,ジャストシステム,プライム,情報・通信業,36,0.95,4475.0,4.55,66.4,200日線との関係=8 5日線と25日線のGC=9 5日線と25日線の乖離率=5 ローソク足・上昇力=2 出来高=0 レジスタンスライン=7 RSI(14)=5,2026-10-02
59,6859,エスペック,プライム,電気機器,36,0.86,4110.0,2.43,56.6,200日線との関係=6 5日線と25日線のGC=9 5日線と25日線の乖離率=7 ローソク足・上昇力=0 出来高=0 レジスタンスライン=7 RSI(14)=7,2026-10-02
60,4975,ＪＣＵ,プライム,化学,36,0.62,5950.0,5.52,57.0,200日線との関係=8 5日線と25日線のGC=9 5日線と25日線の乖離率=5 ローソク足・上昇力=0 出来高=0 レジスタンスライン=7 RSI(14)=7,2026-10-02
61,5031,モイ,グロース,情報・通信業,36,0.4,386.0,2.45,55.8,200日線との関係=6 5日線と25日線のGC=9 5日線と25日線の乖離率=5 ローソク足・上昇力=2 出来高=0 レジスタンスライン=7 RSI(14)=7,2026-10-02
62,4419,Ｆｉｎａｔｅｘｔホールディングス,グロース,情報・通信業,35,4.04,1443.0,5.89,55.4,200日線との関係=3 5日線と25日線のGC=0 5日線と25日線の乖離率=7 ローソク足・上昇力=8 出来高=9 レジスタンスライン=1 RSI(14)=7,2026-10-02
63,6947,図研,プライム,電気機器,35,2.29,5370.0,3.6,71.1,200日線との関係=6 5日線と25日線のGC=9 5日線と25日線の乖離率=5 ローソク足・上昇力=2 出来高=9 レジスタンスライン=1 RSI(14)=3,2026-10-02
64,6104,芝浦機械,プライム,機械,35,2.07,4910.0,7.6,73.4,200日線との関係=6 5日線と25日線のGC=9 5日線と25日線の乖離率=2 ローソク足・上昇力=2 出来高=9 レジスタンスライン=4 RSI(14)=3,2026-10-02
65,8022,美津濃,プライム,その他製品,35,1.35,4210.0,9.54,59.2,200日線との関係=3 5日線と25日線のGC=9 5日線と25日線の乖離率=7 ローソク足・上昇力=2 出来高=3 レジスタンスライン=4 RSI(14)=7,2026-10-02
66,6823,リオン,プライム,電気機器,35,1.29,3375.0,1.33,54.8,200日線との関係=8 5日線と25日線のGC=9 5日線と25日線の乖離率=7 ローソク足・上昇力=0 出来高=0 レジスタンスライン=4 RSI(14)=7,2026-10-02
67,4971,メック,プライム,化学,35,1.25,7200.0,21.92,59.1,200日線との関係=8 5日線と25日線のGC=9 5日線と25日線の乖離率=2 ローソク足・上昇力=2 出来高=3 レジスタンスライン=4 RSI(14)=7,2026-10-02
68,6814,古野電気,プライム,電気機器,35,1.18,7900.0,19.14,59.1,200日線との関係=6 5日線と25日線のGC=9 5日線と25日線の乖離率=7 ローソク足・上昇力=2 出来高=3 レジスタンスライン=1 RSI(14)=7,2026-10-02
69,8008,ヨンドシーホールディングス,プライム,小売業,35,1.15,2109.0,1.91,52.5,200日線との関係=6 5日線と25日線のGC=3 5日線と25日線の乖離率=7 ローソク足・上昇力=8 出来高=3 レジスタンスライン=1 RSI(14)=7,2026-10-02
70,3626,ＴＩＳＩ,プライム,情報・通信業,35,1.13,4032.0,37.99,57.6,200日線との関係=8 5日線と25日線のGC=9 5日線と25日線の乖離率=7 ローソク足・上昇力=0 出来高=3 レジスタンスライン=1 RSI(14)=7,2026-10-02
71,7059,コプロ・ホールディングス,プライム,サービス業,35,0.99,953.0,1.06,56.3,200日線との関係=8 5日線と25日線のGC=6 5日線と25日線の乖離率=7 ローソク足・上昇力=0 出来高=0 レジスタンスライン=7 RSI(14)=7,2026-10-02
72,6806,ヒロセ電機,プライム,電気機器,35,0.97,25215.0,35.85,51.4,200日線との関係=8 5日線と25日線のGC=6 5日線と25日線の乖離率=7 ローソク足・上昇力=0 出来高=0 レジスタンスライン=7 RSI(14)=7,2026-10-02
73,4022,ラサ工業,プライム,化学,35,0.96,2064.0,13.36,56.9,200日線との関係=6 5日線と25日線のGC=6 5日線と25日線の乖離率=7 ローソク足・上昇力=2 出来高=0 レジスタンスライン=7 RSI(14)=7,2026-10-02
74,6481,ＴＨＫ,プライム,機械,35,0.88,6517.0,62.65,51.8,200日線との関係=8 5日線と25日線のGC=6 5日線と25日線の乖離率=5 ローソク足・上昇力=2 出来高=0 レジスタンスライン=7 RSI(14)=7,2026-10-02
75,4099,四国化成ホールディングス,プライム,化学,35,0.82,2349.0,17.45,51.8,200日線との関係=8 5日線と25日線のGC=6 5日線と25日線の乖離率=7 ローソク足・上昇力=0 出来高=0 レジスタンスライン=7 RSI(14)=7,2026-10-02
76,8052,椿本興業,プライム,卸売業,35,0.75,2993.0,2.32,61.7,200日線との関係=8 5日線と25日線のGC=9 5日線と25日線の乖離率=7 ローソク足・上昇力=5 出来高=0 レジスタンスライン=1 RSI(14)=5,2026-10-02
77,6098,リクルートホールディングス,プライム,サービス業,35,0.71,16685.0,756.17,54.4,200日線との関係=0 5日線と25日線のGC=9 5日線と25日線の乖離率=7 ローソク足・上昇力=8 出来高=0 レジスタンスライン=4 RSI(14)=7,2026-10-02
78,5384,フジミインコーポレーテッド,プライム,ガラス・土石製品,35,0.66,3560.0,9.97,53.9,200日線との関係=8 5日線と25日線のGC=6 5日線と25日線の乖離率=5 ローソク足・上昇力=2 出来高=0 レジスタンスライン=7 RSI(14)=7,2026-10-02
79,3167,ＴＯＫＡＩホールディングス,プライム,卸売業,35,0.65,1332.0,7.53,52.4,200日線との関係=6 5日線と25日線のGC=6 5日線と25日線の乖離率=7 ローソク足・上昇力=5 出来高=0 レジスタンスライン=4 RSI(14)=7,2026-10-02
80,4259,エクサウィザーズ,グロース,情報・通信業,35,0.63,853.0,10.28,50.1,200日線との関係=8 5日線と25日線のGC=6 5日線と25日線の乖離率=7 ローソク足・上昇力=0 出来高=0 レジスタンスライン=7 RSI(14)=7,2026-10-02
81,3038,神戸物産,プライム,卸売業,35,0.59,2995.0,69.86,52.2,200日線との関係=8 5日線と25日線のGC=9 5日線と25日線の乖離率=7 ローソク足・上昇力=0 出来高=0 レジスタンスライン=4 RSI(14)=7,2026-10-02
82,7966,リンテック,プライム,その他製品,35,0.48,5890.0,77.83,58.7,200日線との関係=8 5日線と25日線のGC=9 5日線と25日線の乖離率=2 ローソク足・上昇力=2 出来高=0 レジスタンスライン=7 RSI(14)=7,2026-10-02
83,6356,日本ギア工業,スタンダード,機械,35,0.15,1355.0,10.72,48.9,200日線との関係=8 5日線と25日線のGC=6 5日線と25日線の乖離率=7 ローソク足・上昇力=0 出来高=0 レジスタンスライン=7 RSI(14)=7,2026-10-02
84,4370,モビルス,グロース,情報・通信業,35,0.04,412.0,1.01,54.3,200日線との関係=3 5日線と25日線のGC=6 5日線と25日線の乖離率=7 ローソク足・上昇力=8 出来高=0 レジスタンスライン=4 RSI(14)=7,2026-10-02
85,7611,ハイデイ日高,プライム,小売業,34,2.56,2971.0,6.49,55.1,200日線との関係=8 5日線と25日線のGC=0 5日線と25日線の乖離率=7 ローソク足・上昇力=2 出来高=9 レジスタンスライン=1 RSI(14)=7,2026-10-02
86,6994,指月電機製作所,スタンダード,電気機器,34,2.28,1360.0,1.62,68.0,200日線との関係=0 5日線と25日線のGC=9 5日線と25日線の乖離率=2 ローソク足・上昇力=2 出来高=9 レジスタンスライン=7 RSI(14)=5,2026-10-02
87,4462,石原ケミカル,プライム,化学,34,1.8,2950.0,1.29,54.2,200日線との関係=8 5日線と25日線のGC=6 5日線と25日線の乖離率=7 ローソク足・上昇力=5 出来高=0 レジスタンスライン=1 RSI(14)=7,2026-10-02
88,4187,大阪有機化学工業,プライム,化学,34,1.71,4500.0,5.38,55.9,200日線との関係=8 5日線と25日線のGC=6 5日線と25日線の乖離率=7 ローソク足・上昇力=2 出来高=0 レジスタンスライン=4 RSI(14)=7,2026-10-02
89,6800,ヨコオ,プライム,電気機器,34,1.69,4665.0,5.79,65.8,200日線との関係=3 5日線と25日線のGC=9 5日線と25日線の乖離率=2 ローソク足・上昇力=2 出来高=6 レジスタンスライン=7 RSI(14)=5,2026-10-02
90,2501,サッポロビール,プライム,食料品,34,1.47,1839.0,21.05,46.1,200日線との関係=8 5日線と25日線のGC=0 5日線と25日線の乖離率=7 ローソク足・上昇力=8 出来高=3 レジスタンスライン=1 RSI(14)=7,2026-10-02
91,6877,ＯＢＡＲＡ　ＧＲＯＵＰ,スタンダード,電気機器,34,1.38,5900.0,2.33,60.8,200日線との関係=6 5日線と25日線のGC=6 5日線と25日線の乖離率=2 ローソク足・上昇力=8 出来高=3 レジスタンスライン=4 RSI(14)=5,2026-10-02
92,6707,サンケン電気,プライム,電気機器,34,1.32,6948.0,10.67,43.3,200日線との関係=8 5日線と25日線のGC=6 5日線と25日線の乖離率=7 ローソク足・上昇力=2 出来高=0 レジスタンスライン=4 RSI(14)=7,2026-10-02
93,2429,ワールドホールディングス,プライム,サービス業,34,1.25,2851.0,1.22,53.7,200日線との関係=8 5日線と25日線のGC=9 5日線と25日線の乖離率=7 ローソク足・上昇力=2 出来高=0 レジスタンスライン=1 RSI(14)=7,2026-10-02
94,6278,ユニオンツール,プライム,機械,34,1.19,16370.0,29.2,65.5,200日線との関係=8 5日線と25日線のGC=9 5日線と25日線の乖離率=0 ローソク足・上昇力=8 出来高=3 レジスタンスライン=1 RSI(14)=5,2026-10-02
95,7780,メニコン,プライム,精密機器,34,1.14,1786.0,4.85,50.2,200日線との関係=8 5日線と25日線のGC=0 5日線と25日線の乖離率=7 ローソク足・上昇力=8 出来高=3 レジスタンスライン=1 RSI(14)=7,2026-10-02
96,8923,トーセイ,プライム,不動産業,34,1.06,1731.0,3.6,49.1,200日線との関係=8 5日線と25日線のGC=6 5日線と25日線の乖離率=7 ローソク足・上昇力=5 出来高=0 レジスタンスライン=1 RSI(14)=7,2026-10-02
97,5393,ニチアス,プライム,ガラス・土石製品,34,0.99,3553.0,16.44,62.6,200日線との関係=6 5日線と25日線のGC=9 5日線と25日線の乖離率=5 ローソク足・上昇力=2 出来高=0 レジスタンスライン=7 RSI(14)=5,2026-10-02
98,6370,栗田工業,プライム,機械,34,0.95,7825.0,44.65,50.0,200日線との関係=8 5日線と25日線のGC=6 5日線と25日線の乖離率=7 ローソク足・上昇力=2 出来高=0 レジスタンスライン=4 RSI(14)=7,2026-10-02
99,5201,ＡＧＣ,プライム,ガラス・土石製品,34,0.93,5749.0,67.01,51.5,200日線との関係=8 5日線と25日線のGC=9 5日線と25日線の乖離率=7 ローソク足・上昇力=2 出来高=0 レジスタンスライン=1 RSI(14)=7,2026-10-02
100,3360,シップヘルスケアホールディングス,プライム,卸売業,34,0.92,2439.0,6.29,52.8,200日線との関係=8 5日線と25日線のGC=6 5日線と25日線の乖離率=7 ローソク足・上昇力=2 出来高=0 レジスタンスライン=4 RSI(14)=7,2026-10-02
101,5991,日本発條,プライム,金属製品,34,0.92,3461.0,21.25,53.4,200日線との関係=8 5日線と25日線のGC=9 5日線と25日線の乖離率=7 ローソク足・上昇力=2 出来高=0 レジスタンスライン=1 RSI(14)=7,2026-10-02
102,4483,ＪＭＤＣ,プライム,情報・通信業,34,0.9,3625.0,10.2,55.2,200日線との関係=8 5日線と25日線のGC=9 5日線と25日線の乖離率=7 ローソク足・上昇力=2 出来高=0 レジスタンスライン=1 RSI(14)=7,2026-10-02
103,6701,日本電気,プライム,電気機器,34,0.9,4913.0,276.15,57.7,200日線との関係=8 5日線と25日線のGC=9 5日線と25日線の乖離率=7 ローソク足・上昇力=2 出来高=0 レジスタンスライン=1 RSI(14)=7,2026-10-02
104,6841,横河電機,プライム,電気機器,34,0.85,4707.0,50.13,42.6,200日線との関係=8 5日線と25日線のGC=0 5日線と25日線の乖離率=7 ローソク足・上昇力=8 出来高=0 レジスタンスライン=4 RSI(14)=7,2026-10-02
105,1762,高松コンストラクショングループ,プライム,建設業,34,0.75,4040.0,1.79,45.7,200日線との関係=8 5日線と25日線のGC=0 5日線と25日線の乖離率=7 ローソク足・上昇力=8 出来高=0 レジスタンスライン=4 RSI(14)=7,2026-10-02
106,5310,東洋炭素,プライム,ガラス・土石製品,34,0.72,7810.0,6.58,66.1,200日線との関係=3 5日線と25日線のGC=9 5日線と25日線の乖離率=2 ローソク足・上昇力=8 出来高=0 レジスタンスライン=7 RSI(14)=5,2026-10-02
107,3993,ＰＫＳＨＡ　Ｔｅｃｈｎｏｌｏｇｙ,プライム,情報・通信業,34,0.64,3270.0,8.3,58.2,200日線との関係=8 5日線と25日線のGC=9 5日線と25日線の乖離率=7 ローソク足・上昇力=2 出来高=0 レジスタンスライン=1 RSI(14)=7,2026-10-02
108,5032,ＡＮＹＣＯＬＯＲ,プライム,情報・通信業,34,0.53,3065.0,21.34,53.0,200日線との関係=8 5日線と25日線のGC=3 5日線と25日線の乖離率=7 ローソク足・上昇力=2 出来高=0 レジスタンスライン=7 RSI(14)=7,2026-10-02
109,8167,リテールパートナーズ,プライム,小売業,34,0.5,1434.0,1.52,53.8,200日線との関係=8 5日線と25日線のGC=6 5日線と25日線の乖離率=7 ローソク足・上昇力=2 出来高=0 レジスタンスライン=4 RSI(14)=7,2026-10-02
110,3696,セレス,プライム,情報・通信業,33,5.92,2284.0,2.43,60.3,200日線との関係=3 5日線と25日線のGC=3 5日線と25日線の乖離率=7 ローソク足・上昇力=5 出来高=9 レジスタンスライン=1 RSI(14)=5,2026-10-02
111,6273,ＳＭＣ,プライム,機械,33,1.34,73450.0,191.16,62.4,200日線との関係=8 5日線と25日線のGC=9 5日線と25日線の乖離率=5 ローソク足・上昇力=2 出来高=3 レジスタンスライン=1 RSI(14)=5,2026-10-02
112,6146,ディスコ,プライム,機械,33,1.09,60290.0,799.12,61.3,200日線との関係=8 5日線と25日線のGC=6 5日線と25日線の乖離率=5 ローソク足・上昇力=2 出来高=0 レジスタンスライン=7 RSI(14)=5,2026-10-02
113,9759,ＮＳＤ,プライム,情報・通信業,33,1.09,2980.5,9.27,61.1,200日線との関係=8 5日線と25日線のGC=9 5日線と25日線の乖離率=7 ローソク足・上昇力=0 出来高=3 レジスタンスライン=1 RSI(14)=5,2026-10-02
114,6479,ミネベアミツミ,プライム,電気機器,33,1.06,3835.0,87.23,67.7,200日線との関係=8 5日線と25日線のGC=9 5日線と25日線の乖離率=2 ローソク足・上昇力=2 出来高=3 レジスタンスライン=4 RSI(14)=5,2026-10-02
115,4628,エスケー化研,スタンダード,化学,33,1.03,10180.0,1.46,69.2,200日線との関係=8 5日線と25日線のGC=6 5日線と25日線の乖離率=5 ローソク足・上昇力=2 出来高=3 レジスタンスライン=4 RSI(14)=5,2026-10-02
116,6616,トレックス・セミコンダクター,プライム,電気機器,33,0.94,2000.0,1.83,55.6,200日線との関係=8 5日線と25日線のGC=6 5日線と25日線の乖離率=5 ローソク足・上昇力=0 出来高=0 レジスタンスライン=7 RSI(14)=7,2026-10-02
117,4819,デジタルガレージ,プライム,情報・通信業,33,0.92,2457.0,6.56,63.1,200日線との関係=8 5日線と25日線のGC=9 5日線と25日線の乖離率=2 ローソク足・上昇力=2 出来高=0 レジスタンスライン=7 RSI(14)=5,2026-10-02
118,9843,ニトリホールディングス,プライム,小売業,33,0.91,3009.0,120.42,48.1,200日線との関係=6 5日線と25日線のGC=0 5日線と25日線の乖離率=5 ローソク足・上昇力=8 出来高=0 レジスタンスライン=7 RSI(14)=7,2026-10-02
119,5333,ＮＧＫ,プライム,ガラス・土石製品,33,0.84,5624.0,74.18,59.6,200日線との関係=6 5日線と25日線のGC=9 5日線と25日線の乖離率=5 ローソク足・上昇力=2 出来高=0 レジスタンスライン=4 RSI(14)=7,2026-10-02
120,6361,荏原製作所,プライム,機械,33,0.84,4701.0,141.18,52.0,200日線との関係=8 5日線と25日線のGC=6 5日線と25日線の乖離率=5 ローソク足・上昇力=0 出来高=0 レジスタンスライン=7 RSI(14)=7,2026-10-02
121,4570,免疫生物研究所,グロース,医薬品,33,0.82,1145.0,1.8,52.5,200日線との関係=8 5日線と25日線のGC=6 5日線と25日線の乖離率=5 ローソク足・上昇力=0 出来高=0 レジスタンスライン=7 RSI(14)=7,2026-10-02
122,268A,リガク・ホールディングス,プライム,精密機器,33,0.79,1795.0,38.99,54.9,200日線との関係=8 5日線と25日線のGC=9 5日線と25日線の乖離率=2 ローソク足・上昇力=0 出来高=0 レジスタンスライン=7 RSI(14)=7,2026-10-02
123,4368,扶桑化学工業,プライム,化学,33,0.79,3350.0,21.44,63.2,200日線との関係=8 5日線と25日線のGC=9 5日線と25日線の乖離率=2 ローソク足・上昇力=2 出来高=0 レジスタンスライン=7 RSI(14)=5,2026-10-02
124,8131,ミツウロコグループホールディングス,スタンダード,卸売業,33,0.75,2454.0,1.65,54.6,200日線との関係=6 5日線と25日線のGC=6 5日線と25日線の乖離率=7 ローソク足・上昇力=0 出来高=0 レジスタンスライン=7 RSI(14)=7,2026-10-02
125,4674,クレスコ,プライム,情報・通信業,33,0.65,1950.0,3.34,61.0,200日線との関係=3 5日線と25日線のGC=6 5日線と25日線の乖離率=7 ローソク足・上昇力=8 出来高=0 レジスタンスライン=4 RSI(14)=5,2026-10-02
126,4631,ＤＩＣ,プライム,化学,33,0.62,4883.0,29.27,51.1,200日線との関係=6 5日線と25日線のGC=6 5日線と25日線の乖離率=7 ローソク足・上昇力=0 出来高=0 レジスタンスライン=7 RSI(14)=7,2026-10-02
127,5038,ｅＷｅＬＬ,グロース,情報・通信業,33,0.57,2283.0,1.06,60.9,200日線との関係=8 5日線と25日線のGC=9 5日線と25日線の乖離率=7 ローソク足・上昇力=0 出来高=0 レジスタンスライン=4 RSI(14)=5,2026-10-02
128,6993,大黒屋ホールディングス,スタンダード,小売業,33,0.53,90.0,1.65,51.4,200日線との関係=8 5日線と25日線のGC=6 5日線と25日線の乖離率=5 ローソク足・上昇力=0 出来高=0 レジスタンスライン=7 RSI(14)=7,2026-10-02
129,285A,キオクシアホールディングス,プライム,電気機器,33,0.5,19300.0,14208.17,56.5,200日線との関係=0 5日線と25日線のGC=9 5日線と25日線の乖離率=5 ローソク足・上昇力=5 出来高=0 レジスタンスライン=7 RSI(14)=7,2026-10-02
130,4833,Ｄｅｆ　ｃｏｎｓｕｌｔｉｎｇ,グロース,サービス業,33,0.45,59.0,1.69,56.1,200日線との関係=8 5日線と25日線のGC=6 5日線と25日線の乖離率=5 ローソク足・上昇力=0 出来高=0 レジスタンスライン=7 RSI(14)=7,2026-10-02
131,7777,スリー・ディー・マトリックス,グロース,精密機器,33,0.31,420.0,11.11,57.4,200日線との関係=8 5日線と25日線のGC=9 5日線と25日線の乖離率=2 ローソク足・上昇力=0 出来高=0 レジスタンスライン=7 RSI(14)=7,2026-10-02
132,3444,菊池製作所,スタンダード,金属製品,33,0.22,1119.0,7.22,54.8,200日線との関係=6 5日線と25日線のGC=9 5日線と25日線の乖離率=5 ローソク足・上昇力=5 出来高=0 レジスタンスライン=1 RSI(14)=7,2026-10-02
133,9042,阪急阪神ホールディングス,プライム,陸運業,32,2.13,4421.0,44.49,38.9,200日線との関係=8 5日線と25日線のGC=0 5日線と25日線の乖離率=5 ローソク足・上昇力=2 出来高=9 レジスタンスライン=1 RSI(14)=7,2026-10-02
134,8364,清水銀行,プライム,銀行業,32,1.9,3240.0,1.18,56.9,200日線との関係=3 5日線と25日線のGC=6 5日線と25日線の乖離率=7 ローソク足・上昇力=2 出来高=6 レジスタンスライン=1 RSI(14)=7,2026-10-02
135,8354,ふくおかフィナンシャルグループ,プライム,銀行業,32,1.68,7789.0,57.7,50.7,200日線との関係=3 5日線と25日線のGC=6 5日線と25日線の乖離率=7 ローソク足・上昇力=2 出来高=6 レジスタンスライン=1 RSI(14)=7,2026-10-02
136,6777,ｓａｎｔｅｃ　Ｈｏｌｄｉｎｇｓ,スタンダード,電気機器,32,1.52,23370.0,21.44,66.2,200日線との関係=3 5日線と25日線のGC=9 5日線と25日線の乖離率=0 ローソク足・上昇力=2 出来高=6 レジスタンスライン=7 RSI(14)=5,2026-10-02
137,4564,オンコセラピー・サイエンス,グロース,医薬品,32,1.44,21.0,34.53,48.6,200日線との関係=8 5日線と25日線のGC=0 5日線と25日線の乖離率=5 ローソク足・上昇力=8 出来高=3 レジスタンスライン=1 RSI(14)=7,2026-10-02
138,7760,ＩＭＶ,スタンダード,精密機器,32,1.36,2125.0,1.43,52.6,200日線との関係=8 5日線と25日線のGC=6 5日線と25日線の乖離率=7 ローソク足・上昇力=0 出来高=3 レジスタンスライン=1 RSI(14)=7,2026-10-02
139,5706,三井金属,プライム,非鉄金属,32,1.33,2553.5,360.02,51.2,200日線との関係=8 5日線と25日線のGC=0 5日線と25日線の乖離率=5 ローソク足・上昇力=2 出来高=3 レジスタンスライン=7 RSI(14)=7,2026-10-02
140,4626,太陽ホールディングス,プライム,化学,32,1.26,4800.0,14.85,58.4,200日線との関係=8 5日線と25日線のGC=9 5日線と25日線の乖離率=7 ローソク足・上昇力=0 出来高=0 レジスタンスライン=1 RSI(14)=7,2026-10-02
141,5331,ノリタケ,プライム,ガラス・土石製品,32,1.23,3695.0,6.89,56.2,200日線との関係=8 5日線と25日線のGC=6 5日線と25日線の乖離率=7 ローソク足・上昇力=0 出来高=3 レジスタンスライン=1 RSI(14)=7,2026-10-02
142,6474,不二越,プライム,機械,32,1.19,5630.0,3.56,56.5,200日線との関係=8 5日線と25日線のGC=6 5日線と25日線の乖離率=7 ローソク足・上昇力=0 出来高=0 レジスタンスライン=4 RSI(14)=7,2026-10-02
143,6834,精工技研,スタンダード,電気機器,32,1.19,6850.0,52.22,69.3,200日線との関係=0 5日線と25日線のGC=9 5日線と25日線の乖離率=0 ローソク足・上昇力=8 出来高=3 レジスタンスライン=7 RSI(14)=5,2026-10-02
144,9960,東テク,プライム,卸売業,32,1.18,4190.0,3.87,55.5,200日線との関係=8 5日線と25日線のGC=6 5日線と25日線の乖離率=7 ローソク足・上昇力=0 出来高=0 レジスタンスライン=4 RSI(14)=7,2026-10-02
145,6145,ＮＩＴＴＯＫＵ,スタンダード,機械,32,1.13,2847.0,2.43,71.1,200日線との関係=6 5日線と25日線のGC=9 5日線と25日線の乖離率=2 ローソク足・上昇力=2 出来高=3 レジスタンスライン=7 RSI(14)=3,2026-10-02
146,7745,Ａ＆Ｄホロンホールディングス,プライム,精密機器,32,1.13,2900.0,2.35,49.8,200日線との関係=8 5日線と25日線のGC=6 5日線と25日線の乖離率=7 ローソク足・上昇力=0 出来高=0 レジスタンスライン=4 RSI(14)=7,2026-10-02
147,9983,ファーストリテイリング,プライム,小売業,32,1.12,71770.0,751.11,56.0,200日線との関係=8 5日線と25日線のGC=6 5日線と25日線の乖離率=7 ローソク足・上昇力=0 出来高=0 レジスタンスライン=4 RSI(14)=7,2026-10-02
148,6072,地盤ネットホールディングス,スタンダード,サービス業,32,1.11,1091.0,5.42,54.0,200日線との関係=3 5日線と25日線のGC=3 5日線と25日線の乖離率=7 ローソク足・上昇力=8 出来高=3 レジスタンスライン=1 RSI(14)=7,2026-10-02
149,6328,荏原実業,プライム,機械,32,1.1,2474.0,1.67,59.2,200日線との関係=8 5日線と25日線のGC=9 5日線と25日線の乖離率=7 ローソク足・上昇力=0 出来高=0 レジスタンスライン=1 RSI(14)=7,2026-10-02
150,2315,ＣＡＩＣＡ　ＤＩＧＩＴＡＬ,スタンダード,情報・通信業,32,1.03,68.0,3.39,53.0,200日線との関係=8 5日線と25日線のGC=9 5日線と25日線の乖離率=7 ローソク足・上昇力=0 出来高=0 レジスタンスライン=1 RSI(14)=7,2026-10-02
