順位,コード,銘柄名,市場,業種,強さ点,継続,6か月上昇率%,52週高値比%,200日線乖離%,テクニカル点,出来高倍率,終値,25日平均売買代金_億円,RSI,内訳,基準日
1,4461,第一工業製薬,プライム,化学,98.8,○,116.0,-0.1,52.6,24,1.35,16220.0,22.51,70.8,200日線との関係=0 5日線と25日線のGC=9 5日線と25日線の乖離率=0 ローソク足・上昇力=8 出来高=3 レジスタンスライン=1 RSI(14)=3,2026-10-05
2,8362,福井銀行,プライム,銀行業,98.8,○,154.6,-0.6,82.5,25,0.99,8440.0,9.9,68.4,200日線との関係=0 5日線と25日線のGC=9 5日線と25日線の乖離率=2 ローソク足・上昇力=8 出来高=0 レジスタンスライン=1 RSI(14)=5,2026-10-05
3,5301,東海カーボン,プライム,ガラス・土石製品,98.4,○,149.7,-1.0,69.9,16,0.97,2380.0,49.54,75.2,200日線との関係=0 5日線と25日線のGC=9 5日線と25日線の乖離率=0 ローソク足・上昇力=5 出来高=0 レジスタンスライン=1 RSI(14)=1,2026-10-05
4,3374,内外テック,スタンダード,卸売業,98.4,○,131.4,-0.9,74.4,25,1.79,5250.0,1.7,75.6,200日線との関係=0 5日線と25日線のGC=9 5日線と25日線の乖離率=0 ローソク足・上昇力=8 出来高=6 レジスタンスライン=1 RSI(14)=1,2026-10-05
5,4417,グローバルセキュリティエキスパート,グロース,情報・通信業,98.3,○,161.9,-1.2,72.4,24,1.96,5930.0,3.84,71.7,200日線との関係=0 5日線と25日線のGC=9 5日線と25日線の乖離率=0 ローソク足・上昇力=5 出来高=6 レジスタンスライン=1 RSI(14)=3,2026-10-05
6,4258,網屋,グロース,情報・通信業,98.1,○,116.7,-1.0,64.4,25,1.1,5880.0,3.88,65.3,200日線との関係=0 5日線と25日線のGC=9 5日線と25日線の乖離率=2 ローソク足・上昇力=5 出来高=3 レジスタンスライン=1 RSI(14)=5,2026-10-05
7,6742,京三製作所,プライム,電気機器,97.9,○,97.0,-0.5,45.7,28,1.15,1174.0,2.75,68.9,200日線との関係=0 5日線と25日線のGC=9 5日線と25日線の乖離率=2 ローソク足・上昇力=8 出来高=3 レジスタンスライン=1 RSI(14)=5,2026-10-05
8,6998,日本タングステン,スタンダード,電気機器,97.8,○,111.1,-1.0,87.8,23,0.68,4270.0,4.11,70.2,200日線との関係=0 5日線と25日線のGC=9 5日線と25日線の乖離率=2 ローソク足・上昇力=8 出来高=0 レジスタンスライン=1 RSI(14)=3,2026-10-05
9,6890,フェローテック,スタンダード,電気機器,97.8,○,82.4,0.0,58.1,27,1.31,12040.0,104.11,74.3,200日線との関係=0 5日線と25日線のGC=9 5日線と25日線の乖離率=0 ローソク足・上昇力=5 出来高=3 レジスタンスライン=7 RSI(14)=3,2026-10-05
10,3131,シンデン・ハイテックス,スタンダード,卸売業,97.5,○,208.1,-2.2,114.5,13,0.7,8150.0,2.77,73.0,200日線との関係=0 5日線と25日線のGC=9 5日線と25日線の乖離率=0 ローソク足・上昇力=0 出来高=0 レジスタンスライン=1 RSI(14)=3,2026-10-05
11,3105,日清紡ホールディングス,プライム,電気機器,97.5,○,88.5,-0.6,43.7,22,1.3,2790.0,20.88,78.8,200日線との関係=0 5日線と25日線のGC=9 5日線と25日線の乖離率=0 ローソク足・上昇力=8 出来高=3 レジスタンスライン=1 RSI(14)=1,2026-10-05
12,6857,アドバンテスト,プライム,電気機器,97.4,,92.6,-1.0,46.6,23,1.53,40300.0,3533.8,71.7,200日線との関係=0 5日線と25日線のGC=9 5日線と25日線の乖離率=2 ローソク足・上昇力=2 出来高=6 レジスタンスライン=1 RSI(14)=3,2026-10-05
13,3156,レスター,プライム,卸売業,97.4,○,137.0,-2.0,70.6,25,0.66,6300.0,6.09,68.7,200日線との関係=0 5日線と25日線のGC=9 5日線と25日線の乖離率=2 ローソク足・上昇力=8 出来高=0 レジスタンスライン=1 RSI(14)=5,2026-10-05
14,8392,大分銀行,プライム,銀行業,97.2,○,82.0,-0.4,52.9,25,0.98,3355.0,7.47,68.3,200日線との関係=0 5日線と25日線のGC=9 5日線と25日線の乖離率=2 ローソク足・上昇力=8 出来高=0 レジスタンスライン=1 RSI(14)=5,2026-10-05
15,4203,住友ベークライト,プライム,化学,97.1,○,87.7,-1.1,43.1,21,1.55,8998.0,58.11,74.6,200日線との関係=0 5日線と25日線のGC=9 5日線と25日線の乖離率=2 ローソク足・上昇力=0 出来高=6 レジスタンスライン=1 RSI(14)=3,2026-10-05
16,6340,澁谷工業,プライム,機械,96.8,○,72.6,0.0,42.1,34,0.85,5740.0,3.51,68.6,200日線との関係=0 5日線と25日線のGC=9 5日線と25日線の乖離率=5 ローソク足・上昇力=8 出来高=0 レジスタンスライン=7 RSI(14)=5,2026-10-05
17,2371,カカクコム,プライム,サービス業,96.7,○,93.4,-1.6,34.0,19,0.68,3806.0,9.92,60.2,200日線との関係=0 5日線と25日線のGC=6 5日線と25日線の乖離率=7 ローソク足・上昇力=0 出来高=0 レジスタンスライン=1 RSI(14)=5,2026-10-05
18,7537,丸文,プライム,卸売業,96.7,○,73.3,-0.3,29.9,36,1.53,1925.0,1.57,60.8,200日線との関係=0 5日線と25日線のGC=9 5日線と25日線の乖離率=7 ローソク足・上昇力=8 出来高=6 レジスタンスライン=1 RSI(14)=5,2026-10-05
19,4746,東計電算,スタンダード,情報・通信業,96.7,○,87.2,-1.3,61.7,13,0.86,1973.0,3.65,76.0,200日線との関係=0 5日線と25日線のGC=9 5日線と25日線の乖離率=2 ローソク足・上昇力=0 出来高=0 レジスタンスライン=1 RSI(14)=1,2026-10-05
20,6668,アドテック　プラズマ　テクノロジー,スタンダード,電気機器,96.6,○,191.4,-2.5,85.5,18,1.35,5020.0,3.57,72.1,200日線との関係=0 5日線と25日線のGC=9 5日線と25日線の乖離率=0 ローソク足・上昇力=2 出来高=3 レジスタンスライン=1 RSI(14)=3,2026-10-05
21,7384,プロクレアホールディングス,プライム,銀行業,96.6,○,86.1,-1.3,66.7,32,2.04,5890.0,7.62,74.3,200日線との関係=0 5日線と25日線のGC=9 5日線と25日線の乖離率=2 ローソク足・上昇力=8 出来高=9 レジスタンスライン=1 RSI(14)=3,2026-10-05
22,3132,マクニカホールディングス,プライム,卸売業,96.6,○,84.5,-1.3,44.7,28,1.39,4300.0,36.17,68.7,200日線との関係=0 5日線と25日線のGC=9 5日線と25日線の乖離率=2 ローソク足・上昇力=8 出来高=3 レジスタンスライン=1 RSI(14)=5,2026-10-05
23,6724,セイコーエプソン,プライム,電気機器,96.5,○,72.7,-0.4,33.8,28,0.76,3335.0,46.56,65.6,200日線との関係=0 5日線と25日線のGC=9 5日線と25日線の乖離率=5 ローソク足・上昇力=8 出来高=0 レジスタンスライン=1 RSI(14)=5,2026-10-05
24,6490,ＰＩＬＬＡＲ,プライム,機械,96.4,,69.6,0.0,43.8,33,1.9,12180.0,11.35,74.3,200日線との関係=0 5日線と25日線のGC=9 5日線と25日線の乖離率=0 ローソク足・上昇力=8 出来高=6 レジスタンスライン=7 RSI(14)=3,2026-10-05
25,7366,ＬＩＴＡＬＩＣＯ,プライム,サービス業,96.3,○,70.7,-0.1,33.1,31,1.44,1975.0,1.67,66.6,200日線との関係=0 5日線と25日線のGC=9 5日線と25日線の乖離率=5 ローソク足・上昇力=8 出来高=3 レジスタンスライン=1 RSI(14)=5,2026-10-05
26,319A,技術承継機構,グロース,金属製品,96.3,○,85.1,-1.6,51.3,31,1.71,22540.0,7.8,60.1,200日線との関係=0 5日線と25日線のGC=9 5日線と25日線の乖離率=2 ローソク足・上昇力=8 出来高=6 レジスタンスライン=1 RSI(14)=5,2026-10-05
27,8346,東邦銀行,プライム,銀行業,96.2,○,72.0,-0.4,49.9,28,1.22,1135.0,11.95,69.1,200日線との関係=0 5日線と25日線のGC=9 5日線と25日線の乖離率=2 ローソク足・上昇力=8 出来高=3 レジスタンスライン=1 RSI(14)=5,2026-10-05
28,4238,ミライアル,スタンダード,化学,96.2,○,82.7,-1.6,36.9,28,0.95,2059.0,1.73,61.2,200日線との関係=0 5日線と25日線のGC=9 5日線と25日線の乖離率=5 ローソク足・上昇力=8 出来高=0 レジスタンスライン=1 RSI(14)=5,2026-10-05
29,8368,百五銀行,プライム,銀行業,96.2,○,72.3,-0.5,45.1,19,0.69,2623.0,20.25,67.6,200日線との関係=0 5日線と25日線のGC=6 5日線と25日線の乖離率=2 ローソク足・上昇力=5 出来高=0 レジスタンスライン=1 RSI(14)=5,2026-10-05
30,8344,山形銀行,プライム,銀行業,96.1,○,136.0,-2.6,80.1,14,0.93,5690.0,10.51,69.6,200日線との関係=0 5日線と25日線のGC=6 5日線と25日線の乖離率=0 ローソク足・上昇力=2 出来高=0 レジスタンスライン=1 RSI(14)=5,2026-10-05
31,8388,阿波銀行,プライム,銀行業,96.0,○,96.1,-2.2,62.6,25,0.77,2239.0,15.6,68.8,200日線との関係=0 5日線と25日線のGC=9 5日線と25日線の乖離率=2 ローソク足・上昇力=8 出来高=0 レジスタンスライン=1 RSI(14)=5,2026-10-05
32,6258,平田機工,プライム,機械,96.0,○,71.5,-0.5,37.9,26,1.28,4075.0,9.98,74.4,200日線との関係=0 5日線と25日線のGC=9 5日線と25日線の乖離率=2 ローソク足・上昇力=8 出来高=3 レジスタンスライン=1 RSI(14)=3,2026-10-05
33,2612,かどや製油,スタンダード,食料品,95.2,○,72.9,-1.6,67.0,8,1.07,2835.0,5.11,77.1,200日線との関係=0 5日線と25日線のGC=6 5日線と25日線の乖離率=0 ローソク足・上昇力=0 出来高=0 レジスタンスライン=1 RSI(14)=1,2026-10-05
34,6918,アバールデータ,スタンダード,電気機器,95.2,○,70.8,-1.3,41.3,15,0.91,4460.0,1.8,75.0,200日線との関係=0 5日線と25日線のGC=9 5日線と25日線の乖離率=0 ローソク足・上昇力=2 出来高=0 レジスタンスライン=1 RSI(14)=3,2026-10-05
35,8366,滋賀銀行,プライム,銀行業,95.2,○,68.7,-1.3,44.2,25,0.62,3075.0,17.94,63.9,200日線との関係=0 5日線と25日線のGC=9 5日線と25日線の乖離率=5 ローソク足・上昇力=5 出来高=0 レジスタンスライン=1 RSI(14)=5,2026-10-05
36,7480,スズデン,スタンダード,卸売業,95.1,○,121.7,-3.3,69.1,19,0.77,3795.0,2.32,64.7,200日線との関係=0 5日線と25日線のGC=9 5日線と25日線の乖離率=2 ローソク足・上昇力=2 出来高=0 レジスタンスライン=1 RSI(14)=5,2026-10-05
37,5985,サンコール,スタンダード,金属製品,95.0,○,76.1,-2.1,62.8,17,0.58,2546.0,17.77,65.6,200日線との関係=0 5日線と25日線のGC=9 5日線と25日線の乖離率=2 ローソク足・上昇力=0 出来高=0 レジスタンスライン=1 RSI(14)=5,2026-10-05
38,3040,ソリトンシステムズ,プライム,情報・通信業,94.8,○,64.1,-1.0,33.9,31,1.92,2742.0,2.86,68.8,200日線との関係=0 5日線と25日線のGC=9 5日線と25日線の乖離率=2 ローソク足・上昇力=8 出来高=6 レジスタンスライン=1 RSI(14)=5,2026-10-05
39,8387,四国銀行,プライム,銀行業,94.5,○,105.1,-3.5,69.4,18,1.17,4685.0,11.73,71.5,200日線との関係=0 5日線と25日線のGC=9 5日線と25日線の乖離率=0 ローソク足・上昇力=5 出来高=0 レジスタンスライン=1 RSI(14)=3,2026-10-05
40,6737,ＥＩＺＯ,プライム,電気機器,93.9,○,55.1,-0.5,28.9,27,1.04,3200.0,4.84,60.6,200日線との関係=0 5日線と25日線のGC=3 5日線と25日線の乖離率=7 ローソク足・上昇力=8 出来高=3 レジスタンスライン=1 RSI(14)=5,2026-10-05
41,2531,宝ホールディングス,プライム,食料品,93.8,○,68.6,-2.3,37.8,28,1.57,2646.5,17.14,67.4,200日線との関係=0 5日線と25日線のGC=9 5日線と25日線の乖離率=2 ローソク足・上昇力=5 出来高=6 レジスタンスライン=1 RSI(14)=5,2026-10-05
42,2962,テクニスコ,スタンダード,金属製品,93.8,○,236.6,-4.7,165.5,19,1.93,2898.0,9.87,78.7,200日線との関係=0 5日線と25日線のGC=9 5日線と25日線の乖離率=0 ローソク足・上昇力=2 出来高=6 レジスタンスライン=1 RSI(14)=1,2026-10-05
43,8541,愛媛銀行,プライム,銀行業,93.8,○,126.4,-4.1,67.8,14,0.99,3580.0,6.17,65.5,200日線との関係=0 5日線と25日線のGC=6 5日線と25日線の乖離率=2 ローソク足・上昇力=0 出来高=0 レジスタンスライン=1 RSI(14)=5,2026-10-05
44,9147,ＮＩＰＰＯＮ　ＥＸＰＲＥＳＳホールディングス,プライム,陸運業,93.7,○,64.0,-2.1,28.2,29,0.66,5744.0,54.91,56.9,200日線との関係=0 5日線と25日線のGC=6 5日線と25日線の乖離率=7 ローソク足・上昇力=8 出来高=0 レジスタンスライン=1 RSI(14)=7,2026-10-05
45,8137,サンワテクノス,プライム,卸売業,93.6,○,54.7,-0.7,36.8,25,0.81,4865.0,2.08,70.0,200日線との関係=0 5日線と25日線のGC=9 5日線と25日線の乖離率=2 ローソク足・上昇力=8 出来高=0 レジスタンスライン=1 RSI(14)=5,2026-10-05
46,135A,ＶＲＡＩＮ　Ｓｏｌｕｔｉｏｎ,グロース,情報・通信業,93.5,○,125.8,-4.3,50.9,13,1.16,5330.0,4.04,72.5,200日線との関係=0 5日線と25日線のGC=9 5日線と25日線の乖離率=0 ローソク足・上昇力=0 出来高=0 レジスタンスライン=1 RSI(14)=3,2026-10-05
47,6730,アクセル,スタンダード,電気機器,93.3,,57.9,-1.6,42.9,13,0.5,1690.0,10.1,84.8,200日線との関係=0 5日線と25日線のGC=9 5日線と25日線の乖離率=0 ローソク足・上昇力=2 出来高=0 レジスタンスライン=1 RSI(14)=1,2026-10-05
48,7867,タカラトミー,プライム,その他製品,93.2,○,61.6,-2.2,35.8,17,0.92,4175.0,25.54,71.1,200日線との関係=0 5日線と25日線のGC=9 5日線と25日線の乖離率=2 ローソク足・上昇力=2 出来高=0 レジスタンスライン=1 RSI(14)=3,2026-10-05
49,7475,アルビス,プライム,小売業,93.0,○,48.9,-0.1,41.3,10,0.42,3770.0,3.59,92.4,200日線との関係=0 5日線と25日線のGC=9 5日線と25日線の乖離率=0 ローソク足・上昇力=0 出来高=0 レジスタンスライン=1 RSI(14)=0,2026-10-05
50,6533,Ｏｒｃｈｅｓｔｒａ　Ｈｏｌｄｉｎｇｓ,プライム,サービス業,92.8,,101.4,-4.4,79.2,21,1.77,2042.0,1.83,89.3,200日線との関係=0 5日線と25日線のGC=9 5日線と25日線の乖離率=0 ローソク足・上昇力=5 出来高=6 レジスタンスライン=1 RSI(14)=0,2026-10-05
51,6337,テセック,スタンダード,機械,92.7,○,62.4,-2.5,45.7,28,2.21,3950.0,1.43,70.0,200日線との関係=0 5日線と25日線のGC=9 5日線と25日線の乖離率=2 ローソク足・上昇力=2 出来高=9 レジスタンスライン=1 RSI(14)=5,2026-10-05
52,8361,大垣共立銀行,プライム,銀行業,92.7,○,48.7,-0.4,35.2,23,0.92,1859.0,15.46,74.3,200日線との関係=0 5日線と25日線のGC=9 5日線と25日線の乖離率=2 ローソク足・上昇力=8 出来高=0 レジスタンスライン=1 RSI(14)=3,2026-10-05
53,2492,インフォマート,プライム,サービス業,92.7,○,66.2,-2.8,55.7,20,1.13,733.0,24.81,67.4,200日線との関係=0 5日線と25日線のGC=9 5日線と25日線の乖離率=5 ローソク足・上昇力=0 出来高=0 レジスタンスライン=1 RSI(14)=5,2026-10-05
54,4588,オンコリスバイオファーマ,グロース,医薬品,92.6,,189.7,-5.3,133.0,28,0.76,6490.0,107.31,63.9,200日線との関係=0 5日線と25日線のGC=9 5日線と25日線の乖離率=2 ローソク足・上昇力=8 出来高=0 レジスタンスライン=4 RSI(14)=5,2026-10-05
55,4722,フューチャー,プライム,情報・通信業,92.5,○,55.0,-1.9,27.6,13,0.22,2426.0,16.8,63.5,200日線との関係=0 5日線と25日線のGC=0 5日線と25日線の乖離率=7 ローソク足・上昇力=0 出来高=0 レジスタンスライン=1 RSI(14)=5,2026-10-05
56,8393,宮崎銀行,プライム,銀行業,92.2,○,62.7,-2.7,47.6,22,1.09,2967.0,8.79,66.4,200日線との関係=0 5日線と25日線のGC=6 5日線と25日線の乖離率=2 ローソク足・上昇力=5 出来高=3 レジスタンスライン=1 RSI(14)=5,2026-10-05
57,7184,富山第一銀行,プライム,銀行業,92.1,○,54.5,-2.1,40.7,19,0.63,3710.0,6.69,64.6,200日線との関係=0 5日線と25日線のGC=6 5日線と25日線の乖離率=2 ローソク足・上昇力=5 出来高=0 レジスタンスライン=1 RSI(14)=5,2026-10-05
58,7380,十六フィナンシャルグループ,プライム,銀行業,92.1,○,55.7,-2.3,36.3,28,1.08,2842.0,14.44,62.3,200日線との関係=0 5日線と25日線のGC=6 5日線と25日線の乖離率=5 ローソク足・上昇力=8 出来高=3 レジスタンスライン=1 RSI(14)=5,2026-10-05
59,8084,ＲＹＯＤＥＮ,プライム,卸売業,91.9,○,49.9,-1.5,28.0,30,1.42,2481.0,2.06,61.1,200日線との関係=0 5日線と25日線のGC=9 5日線と25日線の乖離率=7 ローソク足・上昇力=5 出来高=3 レジスタンスライン=1 RSI(14)=5,2026-10-05
60,2760,東京エレクトロン　デバイス,プライム,卸売業,91.9,○,52.8,-2.1,23.6,20,0.89,4630.0,5.56,63.7,200日線との関係=3 5日線と25日線のGC=9 5日線と25日線の乖離率=2 ローソク足・上昇力=0 出来高=0 レジスタンスライン=1 RSI(14)=5,2026-10-05
61,4849,エン,プライム,サービス業,91.6,○,56.2,-2.5,29.0,17,0.88,1725.0,5.83,61.0,200日線との関係=0 5日線と25日線のGC=6 5日線と25日線の乖離率=5 ローソク足・上昇力=0 出来高=0 レジスタンスライン=1 RSI(14)=5,2026-10-05
62,8386,百十四銀行,プライム,銀行業,91.5,○,51.9,-2.3,33.0,22,0.82,3250.0,9.07,60.7,200日線との関係=0 5日線と25日線のGC=6 5日線と25日線の乖離率=5 ローソク足・上昇力=5 出来高=0 レジスタンスライン=1 RSI(14)=5,2026-10-05
63,3106,倉敷紡績,プライム,繊維製品,91.5,○,44.9,0.0,25.4,34,1.32,2454.0,3.95,68.7,200日線との関係=0 5日線と25日線のGC=9 5日線と25日線の乖離率=2 ローソク足・上昇力=8 出来高=3 レジスタンスライン=7 RSI(14)=5,2026-10-05
64,8551,北日本銀行,プライム,銀行業,91.4,○,94.1,-5.2,55.4,20,1.02,2938.0,4.35,62.1,200日線との関係=0 5日線と25日線のGC=6 5日線と25日線の乖離率=5 ローソク足・上昇力=0 出来高=0 レジスタンスライン=4 RSI(14)=5,2026-10-05
65,9962,ミスミグループ本社,プライム,卸売業,91.4,○,57.1,-2.6,25.1,28,1.14,4093.0,49.91,67.4,200日線との関係=0 5日線と25日線のGC=9 5日線と25日線の乖離率=2 ローソク足・上昇力=8 出来高=3 レジスタンスライン=1 RSI(14)=5,2026-10-05
66,5136,ｔｒｉｐｌａ,グロース,情報・通信業,91.3,○,64.8,-3.7,43.1,20,1.05,2465.0,1.85,68.2,200日線との関係=0 5日線と25日線のGC=9 5日線と25日線の乖離率=0 ローソク足・上昇力=2 出来高=3 レジスタンスライン=1 RSI(14)=5,2026-10-05
67,4021,日産化学,プライム,化学,91.2,○,44.7,-0.2,25.6,31,1.13,8734.0,42.47,68.0,200日線との関係=0 5日線と25日線のGC=9 5日線と25日線の乖離率=5 ローソク足・上昇力=8 出来高=3 レジスタンスライン=1 RSI(14)=5,2026-10-05
68,3176,三洋貿易,プライム,卸売業,91.1,○,52.4,-2.4,36.9,30,0.63,1197.0,5.45,62.0,200日線との関係=0 5日線と25日線のGC=9 5日線と25日線の乖離率=7 ローソク足・上昇力=8 出来高=0 レジスタンスライン=1 RSI(14)=5,2026-10-05
69,3276,ＪＰＭＣ,プライム,不動産業,91.0,○,71.7,-4.3,45.9,23,0.2,2247.0,3.68,57.8,200日線との関係=0 5日線と25日線のGC=0 5日線と25日線の乖離率=7 ローソク足・上昇力=8 出来高=0 レジスタンスライン=1 RSI(14)=7,2026-10-05
70,7806,ＭＴＧ,グロース,その他製品,91.0,,47.6,-1.7,41.2,31,1.35,9240.0,15.67,61.9,200日線との関係=0 5日線と25日線のGC=9 5日線と25日線の乖離率=5 ローソク足・上昇力=8 出来高=3 レジスタンスライン=1 RSI(14)=5,2026-10-05
71,9722,藤田観光,プライム,サービス業,91.0,,53.1,-2.5,35.5,26,1.13,3080.0,9.84,71.6,200日線との関係=0 5日線と25日線のGC=9 5日線と25日線の乖離率=5 ローソク足・上昇力=5 出来高=3 レジスタンスライン=1 RSI(14)=3,2026-10-05
72,8395,佐賀銀行,プライム,銀行業,90.9,○,48.1,-2.1,33.6,22,0.87,7040.0,3.51,63.7,200日線との関係=0 5日線と25日線のGC=9 5日線と25日線の乖離率=5 ローソク足・上昇力=2 出来高=0 レジスタンスライン=1 RSI(14)=5,2026-10-05
73,3932,アカツキ,プライム,情報・通信業,90.9,○,46.0,-1.5,31.7,27,0.72,1322.0,3.47,63.5,200日線との関係=0 5日線と25日線のGC=9 5日線と25日線の乖離率=7 ローソク足・上昇力=5 出来高=0 レジスタンスライン=1 RSI(14)=5,2026-10-05
74,7826,フルヤ金属,プライム,その他製品,90.9,○,88.0,-5.4,61.5,20,0.63,11710.0,59.42,62.5,200日線との関係=0 5日線と25日線のGC=9 5日線と25日線の乖離率=2 ローソク足・上昇力=0 出来高=0 レジスタンスライン=4 RSI(14)=5,2026-10-05
75,8345,岩手銀行,プライム,銀行業,90.9,○,73.1,-4.7,44.9,14,1.15,2791.0,11.9,60.0,200日線との関係=0 5日線と25日線のGC=6 5日線と25日線の乖離率=2 ローソク足・上昇力=0 出来高=0 レジスタンスライン=1 RSI(14)=5,2026-10-05
76,6570,共和コーポレーション,スタンダード,サービス業,90.9,,252.6,-6.6,123.8,17,1.53,4200.0,3.15,62.3,200日線との関係=0 5日線と25日線のGC=9 5日線と25日線の乖離率=2 ローソク足・上昇力=0 出来高=0 レジスタンスライン=1 RSI(14)=5,2026-10-05
77,7976,三菱鉛筆,プライム,その他製品,90.7,○,47.5,-1.9,34.0,15,1.36,3445.0,3.36,74.0,200日線との関係=0 5日線と25日線のGC=9 5日線と25日線の乖離率=2 ローソク足・上昇力=0 出来高=0 レジスタンスライン=1 RSI(14)=3,2026-10-05
78,6638,ミマキエンジニアリング,プライム,電気機器,90.6,○,49.6,-2.4,26.8,22,1.25,2302.0,2.66,68.0,200日線との関係=0 5日線と25日線のGC=9 5日線と25日線の乖離率=2 ローソク足・上昇力=2 出来高=3 レジスタンスライン=1 RSI(14)=5,2026-10-05
79,8343,秋田銀行,プライム,銀行業,90.6,○,100.4,-5.9,58.8,19,1.65,1984.0,18.19,58.9,200日線との関係=0 5日線と25日線のGC=6 5日線と25日線の乖離率=2 ローソク足・上昇力=0 出来高=0 レジスタンスライン=4 RSI(14)=7,2026-10-05
80,6317,北川鉄工所,スタンダード,機械,90.5,○,62.5,-4.0,41.6,8,0.97,2506.0,2.32,76.3,200日線との関係=0 5日線と25日線のGC=6 5日線と25日線の乖離率=0 ローソク足・上昇力=0 出来高=0 レジスタンスライン=1 RSI(14)=1,2026-10-05
81,4847,インテリジェント　ウェイブ,プライム,情報・通信業,90.5,○,58.4,-3.7,43.2,22,0.71,1500.0,1.19,67.5,200日線との関係=0 5日線と25日線のGC=6 5日線と25日線の乖離率=5 ローソク足・上昇力=5 出来高=0 レジスタンスライン=1 RSI(14)=5,2026-10-05
82,7832,バンダイナムコホールディングス,プライム,その他製品,90.5,○,49.4,-2.4,32.8,24,0.63,5710.0,143.89,60.0,200日線との関係=0 5日線と25日線のGC=9 5日線と25日線の乖離率=7 ローソク足・上昇力=2 出来高=0 レジスタンスライン=1 RSI(14)=5,2026-10-05
83,7322,三十三フィナンシャルグループ,プライム,銀行業,90.4,○,53.5,-3.0,38.0,17,0.65,2262.0,10.69,61.3,200日線との関係=0 5日線と25日線のGC=6 5日線と25日線の乖離率=5 ローソク足・上昇力=0 出来高=0 レジスタンスライン=1 RSI(14)=5,2026-10-05
84,9110,ＮＳユナイテッド海運,プライム,海運業,90.3,○,41.3,-0.3,33.9,15,0.29,10510.0,14.07,81.5,200日線との関係=0 5日線と25日線のGC=6 5日線と25日線の乖離率=7 ローソク足・上昇力=0 出来高=0 レジスタンスライン=1 RSI(14)=1,2026-10-05
85,325A,ＴＥＮＴＩＡＬ,グロース,繊維製品,90.3,○,84.6,-5.6,43.9,20,1.48,2058.0,6.33,63.7,200日線との関係=0 5日線と25日線のGC=9 5日線と25日線の乖離率=2 ローソク足・上昇力=0 出来高=0 レジスタンスライン=4 RSI(14)=5,2026-10-05
86,8308,りそなホールディングス,プライム,銀行業,90.2,○,46.4,-2.1,24.8,32,0.92,2546.0,240.53,55.8,200日線との関係=3 5日線と25日線のGC=6 5日線と25日線の乖離率=7 ローソク足・上昇力=8 出来高=0 レジスタンスライン=1 RSI(14)=7,2026-10-05
87,6752,パナソニック　ホールディングス,プライム,電気機器,90.2,○,81.2,-5.5,42.2,31,1.0,4710.0,359.73,62.0,200日線との関係=0 5日線と25日線のGC=9 5日線と25日線の乖離率=5 ローソク足・上昇力=8 出来高=0 レジスタンスライン=4 RSI(14)=5,2026-10-05
88,7740,タムロン,プライム,精密機器,90.2,○,45.4,-1.6,27.1,39,2.52,1439.0,5.64,69.7,200日線との関係=0 5日線と25日線のGC=9 5日線と25日線の乖離率=7 ローソク足・上昇力=8 出来高=9 レジスタンスライン=1 RSI(14)=5,2026-10-05
89,6971,京セラ,プライム,電気機器,90.0,○,61.1,-4.1,27.5,31,1.17,3855.0,173.47,62.5,200日線との関係=0 5日線と25日線のGC=9 5日線と25日線の乖離率=5 ローソク足・上昇力=8 出来高=3 レジスタンスライン=1 RSI(14)=5,2026-10-05
90,7180,九州フィナンシャルグループ,プライム,銀行業,90.0,○,49.8,-2.7,27.5,24,0.87,1722.5,22.35,59.8,200日線との関係=0 5日線と25日線のGC=6 5日線と25日線の乖離率=5 ローソク足・上昇力=5 出来高=0 レジスタンスライン=1 RSI(14)=7,2026-10-05
91,4812,電通総研,プライム,情報・通信業,89.9,○,46.8,-2.3,20.8,22,0.63,2862.0,35.44,64.1,200日線との関係=3 5日線と25日線のGC=6 5日線と25日線の乖離率=7 ローソク足・上昇力=0 出来高=0 レジスタンスライン=1 RSI(14)=5,2026-10-05
92,8336,武蔵野銀行,プライム,銀行業,89.8,○,42.7,-1.3,27.4,21,0.96,2948.0,7.53,60.3,200日線との関係=0 5日線と25日線のGC=6 5日線と25日線の乖離率=7 ローソク足・上昇力=2 出来高=0 レジスタンスライン=1 RSI(14)=5,2026-10-05
93,2175,エス・エム・エス,プライム,サービス業,89.7,○,60.9,-4.2,33.5,26,0.41,2594.0,10.31,53.5,200日線との関係=0 5日線と25日線のGC=6 5日線と25日線の乖離率=7 ローソク足・上昇力=5 出来高=0 レジスタンスライン=1 RSI(14)=7,2026-10-05
94,9824,泉州電業,プライム,卸売業,89.6,○,38.6,-0.5,28.5,20,0.61,8260.0,5.99,68.2,200日線との関係=0 5日線と25日線のGC=9 5日線と25日線の乖離率=5 ローソク足・上昇力=0 出来高=0 レジスタンスライン=1 RSI(14)=5,2026-10-05
95,4968,荒川化学工業,プライム,化学,89.6,○,96.5,-6.5,51.2,34,1.55,2500.0,3.94,63.4,200日線との関係=0 5日線と25日線のGC=9 5日線と25日線の乖離率=2 ローソク足・上昇力=8 出来高=6 レジスタンスライン=4 RSI(14)=5,2026-10-05
96,6134,ＦＵＪＩ,プライム,機械,89.6,,77.4,-5.8,35.8,24,1.05,8428.0,52.57,71.7,200日線との関係=0 5日線と25日線のGC=9 5日線と25日線の乖離率=0 ローソク足・上昇力=8 出来高=3 レジスタンスライン=1 RSI(14)=3,2026-10-05
97,8159,立花エレテック,プライム,卸売業,89.4,○,51.3,-3.5,30.4,28,1.14,4325.0,1.49,60.5,200日線との関係=0 5日線と25日線のGC=6 5日線と25日線の乖離率=5 ローソク足・上昇力=8 出来高=3 レジスタンスライン=1 RSI(14)=5,2026-10-05
98,8544,京葉銀行,プライム,銀行業,89.2,○,46.2,-2.5,28.2,26,1.2,2963.0,8.68,58.0,200日線との関係=0 5日線と25日線のGC=6 5日線と25日線の乖離率=7 ローソク足・上昇力=2 出来高=3 レジスタンスライン=1 RSI(14)=7,2026-10-05
99,3762,テクマトリックス,プライム,情報・通信業,89.2,○,45.5,-2.4,22.7,24,0.86,2497.0,5.92,57.7,200日線との関係=3 5日線と25日線のGC=6 5日線と25日線の乖離率=7 ローソク足・上昇力=0 出来高=0 レジスタンスライン=1 RSI(14)=7,2026-10-05
100,5027,ＡｎｙＭｉｎｄ　Ｇｒｏｕｐ,グロース,情報・通信業,89.2,○,97.3,-6.7,43.4,25,0.97,799.0,2.41,57.6,200日線との関係=0 5日線と25日線のGC=9 5日線と25日線の乖離率=5 ローソク足・上昇力=0 出来高=0 レジスタンスライン=4 RSI(14)=7,2026-10-05
101,6135,牧野フライス製作所,プライム,機械,89.2,○,41.3,-1.5,24.4,33,0.76,3250.0,18.52,62.2,200日線との関係=3 5日線と25日線のGC=9 5日線と25日線の乖離率=7 ローソク足・上昇力=8 出来高=0 レジスタンスライン=1 RSI(14)=5,2026-10-05
102,8418,山口フィナンシャルグループ,プライム,銀行業,89.1,○,45.6,-2.5,27.0,19,0.64,3500.0,20.06,62.4,200日線との関係=0 5日線と25日線のGC=6 5日線と25日線の乖離率=2 ローソク足・上昇力=5 出来高=0 レジスタンスライン=1 RSI(14)=5,2026-10-05
103,8360,山梨中央銀行,プライム,銀行業,89.1,○,45.3,-2.4,31.0,24,1.06,1517.0,10.42,57.5,200日線との関係=0 5日線と25日線のGC=6 5日線と25日線の乖離率=7 ローソク足・上昇力=0 出来高=3 レジスタンスライン=1 RSI(14)=7,2026-10-05
104,6080,Ｍ＆Ａキャピタルパートナーズ,プライム,サービス業,89.0,○,45.9,-2.6,20.2,32,1.07,4285.0,3.7,59.1,200日線との関係=3 5日線と25日線のGC=9 5日線と25日線の乖離率=7 ローソク足・上昇力=2 出来高=3 レジスタンスライン=1 RSI(14)=7,2026-10-05
105,5218,オハラ,スタンダード,ガラス・土石製品,88.9,○,58.0,-4.6,26.1,32,0.89,1684.0,1.46,55.8,200日線との関係=0 5日線と25日線のGC=9 5日線と25日線の乖離率=7 ローソク足・上昇力=8 出来高=0 レジスタンスライン=1 RSI(14)=7,2026-10-05
106,8550,栃木銀行,プライム,銀行業,88.9,○,37.6,-1.0,26.6,22,0.95,1204.0,7.7,64.0,200日線との関係=0 5日線と25日線のGC=9 5日線と25日線の乖離率=2 ローソク足・上昇力=5 出来高=0 レジスタンスライン=1 RSI(14)=5,2026-10-05
107,6676,ＢＵＦＦＡＬＯ,スタンダード,電気機器,88.7,○,45.0,-2.5,36.0,15,0.83,3550.0,2.49,70.3,200日線との関係=0 5日線と25日線のGC=9 5日線と25日線の乖離率=2 ローソク足・上昇力=0 出来高=0 レジスタンスライン=1 RSI(14)=3,2026-10-05
108,7715,長野計器,プライム,精密機器,88.6,,71.2,-5.8,36.7,28,1.09,4565.0,3.8,68.6,200日線との関係=0 5日線と25日線のGC=9 5日線と25日線の乖離率=2 ローソク足・上昇力=5 出来高=3 レジスタンスライン=4 RSI(14)=5,2026-10-05
109,7727,オーバル,スタンダード,精密機器,88.5,,34.3,-0.2,28.6,28,1.14,978.0,1.13,69.2,200日線との関係=0 5日線と25日線のGC=9 5日線と25日線の乖離率=2 ローソク足・上昇力=8 出来高=3 レジスタンスライン=1 RSI(14)=5,2026-10-05
110,4064,日本カーバイド工業,プライム,化学,88.3,○,45.8,-3.2,24.2,25,1.19,3805.0,3.09,69.8,200日線との関係=3 5日線と25日線のGC=9 5日線と25日線の乖離率=2 ローソク足・上昇力=2 出来高=3 レジスタンスライン=1 RSI(14)=5,2026-10-05
111,4477,ＢＡＳＥ,グロース,情報・通信業,88.3,,45.3,-2.9,33.1,33,6.23,404.0,6.59,83.5,200日線との関係=0 5日線と25日線のGC=9 5日線と25日線の乖離率=5 ローソク足・上昇力=8 出来高=9 レジスタンスライン=1 RSI(14)=1,2026-10-05
112,7839,ＳＨＯＥＩ,プライム,その他製品,88.3,○,34.1,-0.4,20.4,36,1.01,2207.0,4.59,65.8,200日線との関係=3 5日線と25日線のGC=9 5日線と25日線の乖離率=7 ローソク足・上昇力=8 出来高=3 レジスタンスライン=1 RSI(14)=5,2026-10-05
113,6769,ザインエレクトロニクス,スタンダード,電気機器,88.2,○,57.5,-5.0,31.4,22,0.69,1323.0,1.41,65.4,200日線との関係=0 5日線と25日線のGC=9 5日線と25日線の乖離率=2 ローソク足・上昇力=2 出来高=0 レジスタンスライン=4 RSI(14)=5,2026-10-05
114,3864,三菱製紙,プライム,パルプ・紙,88.0,○,47.9,-3.9,27.8,21,0.99,1208.0,1.69,51.8,200日線との関係=0 5日線と25日線のGC=6 5日線と25日線の乖離率=7 ローソク足・上昇力=0 出来高=0 レジスタンスライン=1 RSI(14)=7,2026-10-05
115,8739,スパークス・グループ,プライム,証券、商品先物取引業,88.0,○,41.8,-2.5,25.9,23,0.57,2643.0,4.04,55.0,200日線との関係=0 5日線と25日線のGC=6 5日線と25日線の乖離率=7 ローソク足・上昇力=2 出来高=0 レジスタンスライン=1 RSI(14)=7,2026-10-05
116,8338,筑波銀行,プライム,銀行業,87.9,○,41.1,-2.4,33.9,19,0.9,827.0,14.7,65.6,200日線との関係=0 5日線と25日線のGC=9 5日線と25日線の乖離率=2 ローソク足・上昇力=2 出来高=0 レジスタンスライン=1 RSI(14)=5,2026-10-05
117,6863,ニレコ,スタンダード,電気機器,87.9,,64.1,-5.8,32.3,21,0.66,1088.0,1.15,58.5,200日線との関係=0 5日線と25日線のGC=6 5日線と25日線の乖離率=2 ローソク足・上昇力=2 出来高=0 レジスタンスライン=4 RSI(14)=7,2026-10-05
118,8848,レオパレス２１,プライム,不動産業,87.8,○,55.8,-5.2,47.4,11,1.29,1005.0,37.96,77.4,200日線との関係=0 5日線と25日線のGC=6 5日線と25日線の乖離率=0 ローソク足・上昇力=0 出来高=0 レジスタンスライン=4 RSI(14)=1,2026-10-05
119,9304,澁澤倉庫,プライム,倉庫・運輸関連業,87.7,○,61.8,-5.7,37.4,24,0.77,2138.0,3.81,53.8,200日線との関係=0 5日線と25日線のGC=6 5日線と25日線の乖離率=7 ローソク足・上昇力=0 出来高=0 レジスタンスライン=4 RSI(14)=7,2026-10-05
120,8358,スルガ銀行,プライム,銀行業,87.5,○,45.7,-3.7,26.5,15,1.45,2919.0,27.68,53.6,200日線との関係=0 5日線と25日線のGC=0 5日線と25日線の乖離率=7 ローソク足・上昇力=0 出来高=0 レジスタンスライン=1 RSI(14)=7,2026-10-05
121,7236,ティラド,プライム,輸送用機器,87.5,○,88.8,-7.5,22.9,29,0.53,1490.0,4.48,48.6,200日線との関係=3 5日線と25日線のGC=0 5日線と25日線の乖離率=7 ローソク足・上昇力=8 出来高=0 レジスタンスライン=4 RSI(14)=7,2026-10-05
122,8359,八十二長野銀行,プライム,銀行業,87.4,○,43.5,-3.2,24.9,29,0.87,2799.5,37.23,55.4,200日線との関係=3 5日線と25日線のGC=6 5日線と25日線の乖離率=7 ローソク足・上昇力=5 出来高=0 レジスタンスライン=1 RSI(14)=7,2026-10-05
123,8600,トモニホールディングス,プライム,銀行業,87.4,○,45.6,-3.7,27.6,19,0.76,1188.0,6.1,59.3,200日線との関係=0 5日線と25日線のGC=6 5日線と25日線の乖離率=5 ローソク足・上昇力=0 出来高=0 レジスタンスライン=1 RSI(14)=7,2026-10-05
124,4471,三洋化成工業,プライム,化学,87.4,○,33.7,-1.2,22.6,28,0.79,1664.0,7.68,65.4,200日線との関係=3 5日線と25日線のGC=9 5日線と25日線の乖離率=5 ローソク足・上昇力=5 出来高=0 レジスタンスライン=1 RSI(14)=5,2026-10-05
125,9278,ブックオフグループホールディングス,プライム,小売業,87.4,○,65.8,-6.4,41.5,22,0.68,2957.0,3.21,58.0,200日線との関係=0 5日線と25日線のGC=6 5日線と25日線の乖離率=5 ローソク足・上昇力=0 出来高=0 レジスタンスライン=4 RSI(14)=7,2026-10-05
126,8411,みずほフィナンシャルグループ,プライム,銀行業,87.3,○,41.3,-2.6,18.9,32,0.92,8668.0,802.02,52.6,200日線との関係=3 5日線と25日線のGC=6 5日線と25日線の乖離率=7 ローソク足・上昇力=8 出来高=0 レジスタンスライン=1 RSI(14)=7,2026-10-05
127,7552,ハピネット,プライム,卸売業,87.3,○,82.0,-7.4,58.5,16,1.33,4870.0,13.44,72.5,200日線との関係=0 5日線と25日線のGC=9 5日線と25日線の乖離率=0 ローソク足・上昇力=0 出来高=0 レジスタンスライン=4 RSI(14)=3,2026-10-05
128,7743,シード,スタンダード,精密機器,87.3,○,30.6,0.0,38.0,31,0.24,794.0,4.26,92.6,200日線との関係=0 5日線と25日線のGC=9 5日線と25日線の乖離率=7 ローソク足・上昇力=8 出来高=0 レジスタンスライン=7 RSI(14)=0,2026-10-05
129,8609,岡三証券グループ,プライム,証券、商品先物取引業,87.2,○,48.4,-4.5,26.9,23,1.05,1221.0,6.37,51.6,200日線との関係=0 5日線と25日線のGC=0 5日線と25日線の乖離率=7 ローソク足・上昇力=5 出来高=3 レジスタンスライン=1 RSI(14)=7,2026-10-05
130,5243,ｎｏｔｅ,グロース,情報・通信業,87.2,○,60.1,-5.8,68.1,16,1.53,3880.0,13.23,71.9,200日線との関係=0 5日線と25日線のGC=9 5日線と25日線の乖離率=0 ローソク足・上昇力=0 出来高=0 レジスタンスライン=4 RSI(14)=3,2026-10-05
131,6448,ブラザー工業,プライム,電気機器,87.1,○,65.0,-6.5,31.5,23,0.82,4731.0,54.64,58.2,200日線との関係=0 5日線と25日線のGC=3 5日線と25日線の乖離率=7 ローソク足・上昇力=5 出来高=0 レジスタンスライン=1 RSI(14)=7,2026-10-05
132,6508,明電舎,プライム,電気機器,87.1,○,55.6,-5.5,38.7,20,0.71,12060.0,27.16,64.0,200日線との関係=0 5日線と25日線のGC=9 5日線と25日線の乖離率=2 ローソク足・上昇力=0 出来高=0 レジスタンスライン=4 RSI(14)=5,2026-10-05
133,8524,北洋銀行,プライム,銀行業,87.0,○,43.4,-3.5,27.5,21,0.75,1351.0,20.65,55.5,200日線との関係=0 5日線と25日線のGC=6 5日線と25日線の乖離率=7 ローソク足・上昇力=0 出来高=0 レジスタンスライン=1 RSI(14)=7,2026-10-05
134,8051,山善,プライム,卸売業,86.9,○,44.0,-3.6,20.4,24,0.95,1991.0,4.38,54.1,200日線との関係=3 5日線と25日線のGC=6 5日線と25日線の乖離率=7 ローソク足・上昇力=0 出来高=0 レジスタンスライン=1 RSI(14)=7,2026-10-05
135,8713,フィデアホールディングス,プライム,銀行業,86.9,○,48.6,-4.8,30.6,24,0.88,2793.0,2.26,52.6,200日線との関係=0 5日線と25日線のGC=6 5日線と25日線の乖離率=7 ローソク足・上昇力=0 出来高=0 レジスタンスライン=4 RSI(14)=7,2026-10-05
136,6023,ダイハツインフィニアース,スタンダード,輸送用機器,86.8,○,61.1,-6.2,21.4,27,0.6,3305.0,4.71,56.3,200日線との関係=3 5日線と25日線のGC=6 5日線と25日線の乖離率=7 ローソク足・上昇力=0 出来高=0 レジスタンスライン=4 RSI(14)=7,2026-10-05
137,5832,ちゅうぎんフィナンシャルグループ,プライム,銀行業,86.8,○,34.6,-2.1,22.1,25,0.61,3753.0,14.88,60.0,200日線との関係=3 5日線と25日線のGC=6 5日線と25日線の乖離率=5 ローソク足・上昇力=5 出来高=0 レジスタンスライン=1 RSI(14)=5,2026-10-05
138,6098,リクルートホールディングス,プライム,サービス業,86.6,○,163.4,-8.7,60.1,26,0.64,16635.0,747.82,53.8,200日線との関係=0 5日線と25日線のGC=6 5日線と25日線の乖離率=7 ローソク足・上昇力=2 出来高=0 レジスタンスライン=4 RSI(14)=7,2026-10-05
139,8154,加賀電子,プライム,卸売業,86.6,○,49.3,-5.0,27.7,28,1.15,5510.0,7.62,65.3,200日線との関係=0 5日線と25日線のGC=6 5日線と25日線の乖離率=2 ローソク足・上昇力=8 出来高=3 レジスタンスライン=4 RSI(14)=5,2026-10-05
140,8331,千葉銀行,プライム,銀行業,86.6,○,40.0,-3.0,20.1,23,0.9,2805.5,80.61,52.7,200日線との関係=3 5日線と25日線のGC=0 5日線と25日線の乖離率=7 ローソク足・上昇力=5 出来高=0 レジスタンスライン=1 RSI(14)=7,2026-10-05
141,8050,セイコーグループ,プライム,精密機器,86.6,,92.6,-8.1,61.3,24,0.74,10960.0,56.55,60.1,200日線との関係=0 5日線と25日線のGC=6 5日線と25日線の乖離率=7 ローソク足・上昇力=2 出来高=0 レジスタンスライン=4 RSI(14)=5,2026-10-05
142,8381,山陰合同銀行,プライム,銀行業,86.5,○,47.2,-4.7,27.0,29,1.57,2575.0,10.3,49.6,200日線との関係=0 5日線と25日線のGC=0 5日線と25日線の乖離率=7 ローソク足・上昇力=8 出来高=6 レジスタンスライン=1 RSI(14)=7,2026-10-05
143,8309,三井住友トラストグループ,プライム,銀行業,86.4,○,42.4,-3.7,21.1,18,0.69,1755.0,168.03,49.2,200日線との関係=3 5日線と25日線のGC=0 5日線と25日線の乖離率=7 ローソク足・上昇力=0 出来高=0 レジスタンスライン=1 RSI(14)=7,2026-10-05
144,4634,ａｒｔｉｅｎｃｅ,プライム,化学,86.4,○,35.9,-2.5,21.5,29,0.71,5090.0,6.55,54.0,200日線との関係=3 5日線と25日線のGC=3 5日線と25日線の乖離率=7 ローソク足・上昇力=8 出来高=0 レジスタンスライン=1 RSI(14)=7,2026-10-05
145,2121,ＭＩＸＩ,プライム,情報・通信業,86.4,○,47.6,-4.9,28.6,26,0.26,3695.0,12.71,53.7,200日線との関係=0 5日線と25日線のGC=6 5日線と25日線の乖離率=7 ローソク足・上昇力=2 出来高=0 レジスタンスライン=4 RSI(14)=7,2026-10-05
146,5186,ニッタ,プライム,ゴム製品,86.3,○,55.8,-6.1,27.6,26,1.15,6830.0,2.82,54.8,200日線との関係=0 5日線と25日線のGC=0 5日線と25日線の乖離率=7 ローソク足・上昇力=8 出来高=3 レジスタンスライン=1 RSI(14)=7,2026-10-05
147,6652,ＩＤＥＣ,プライム,電気機器,86.3,○,36.2,-2.6,23.7,30,3.85,4060.0,4.44,71.5,200日線との関係=3 5日線と25日線のGC=9 5日線と25日線の乖離率=5 ローソク足・上昇力=0 出来高=9 レジスタンスライン=1 RSI(14)=3,2026-10-05
148,8558,東和銀行,プライム,銀行業,86.3,○,51.8,-5.5,21.6,22,1.1,1533.0,2.71,53.5,200日線との関係=3 5日線と25日線のGC=6 5日線と25日線の乖離率=5 ローソク足・上昇力=0 出来高=0 レジスタンスライン=1 RSI(14)=7,2026-10-05
149,6958,日本シイエムケイ,プライム,電気機器,86.1,○,44.2,-4.1,23.4,27,1.18,789.0,6.12,57.7,200日線との関係=3 5日線と25日線のGC=6 5日線と25日線の乖離率=7 ローソク足・上昇力=0 出来高=3 レジスタンスライン=1 RSI(14)=7,2026-10-05
150,6194,アトラエ,プライム,サービス業,86.1,○,42.1,-3.9,24.5,28,1.79,921.0,2.07,60.3,200日線との関係=3 5日線と25日線のGC=9 5日線と25日線の乖離率=2 ローソク足・上昇力=2 出来高=6 レジスタンスライン=1 RSI(14)=5,2026-10-05
151,4431,スマレジ,グロース,情報・通信業,86.1,,63.5,-6.9,28.9,27,0.63,3560.0,4.1,60.2,200日線との関係=0 5日線と25日線のGC=3 5日線と25日線の乖離率=7 ローソク足・上昇力=8 出来高=0 レジスタンスライン=4 RSI(14)=5,2026-10-05
152,7846,パイロットコーポレーション,プライム,その他製品,86.1,○,36.3,-2.9,22.8,29,0.63,2108.0,8.02,56.8,200日線との関係=3 5日線と25日線のGC=6 5日線と25日線の乖離率=7 ローソク足・上昇力=5 出来高=0 レジスタンスライン=1 RSI(14)=7,2026-10-05
153,1518,三井松島ホールディングス,プライム,その他製品,85.9,○,64.4,-7.2,35.9,23,0.5,2231.0,8.1,47.6,200日線との関係=0 5日線と25日線のGC=0 5日線と25日線の乖離率=7 ローソク足・上昇力=8 出来高=0 レジスタンスライン=1 RSI(14)=7,2026-10-05
154,6302,住友重機械工業,プライム,機械,85.9,,29.8,-1.2,20.2,25,0.96,6310.0,50.1,66.6,200日線との関係=3 5日線と25日線のGC=9 5日線と25日線の乖離率=5 ローソク足・上昇力=2 出来高=0 レジスタンスライン=1 RSI(14)=5,2026-10-05
155,9697,カプコン,プライム,情報・通信業,85.8,○,33.3,-2.3,24.3,27,0.84,4415.0,147.39,59.5,200日線との関係=3 5日線と25日線のGC=9 5日線と25日線の乖離率=7 ローソク足・上昇力=0 出来高=0 レジスタンスライン=1 RSI(14)=7,2026-10-05
156,7729,東京精密,プライム,精密機器,85.7,,49.8,-5.7,24.6,34,1.28,20105.0,56.59,68.6,200日線との関係=3 5日線と25日線のGC=9 5日線と25日線の乖離率=2 ローソク足・上昇力=8 出来高=3 レジスタンスライン=4 RSI(14)=5,2026-10-05
157,7167,めぶきフィナンシャルグループ,プライム,銀行業,85.7,○,38.5,-3.5,23.1,23,0.68,1680.5,49.17,51.1,200日線との関係=3 5日線と25日線のGC=0 5日線と25日線の乖離率=7 ローソク足・上昇力=5 出来高=0 レジスタンスライン=1 RSI(14)=7,2026-10-05
158,9902,日伝,プライム,卸売業,85.7,○,35.5,-2.7,21.9,24,0.66,3235.0,2.42,61.0,200日線との関係=3 5日線と25日線のGC=6 5日線と25日線の乖離率=7 ローソク足・上昇力=2 出来高=0 レジスタンスライン=1 RSI(14)=5,2026-10-05
159,5142,アキレス,プライム,化学,85.5,○,45.0,-4.7,31.0,17,0.61,1936.0,1.51,63.8,200日線との関係=0 5日線と25日線のGC=6 5日線と25日線の乖離率=5 ローソク足・上昇力=0 出来高=0 レジスタンスライン=1 RSI(14)=5,2026-10-05
160,2810,ハウス食品グループ本社,プライム,食料品,85.5,○,33.0,-2.4,19.6,32,0.8,4037.0,11.69,59.0,200日線との関係=3 5日線と25日線のGC=6 5日線と25日線の乖離率=7 ローソク足・上昇力=8 出来高=0 レジスタンスライン=1 RSI(14)=7,2026-10-05
161,4475,ＨＥＮＮＧＥ,グロース,情報・通信業,85.4,○,87.5,-8.5,37.4,24,3.81,1671.0,12.04,49.7,200日線との関係=0 5日線と25日線のGC=6 5日線と25日線の乖離率=7 ローソク足・上昇力=0 出来高=0 レジスタンスライン=4 RSI(14)=7,2026-10-05
162,8337,千葉興業銀行,プライム,銀行業,85.4,○,39.8,-3.9,20.5,23,0.66,2755.0,4.46,53.1,200日線との関係=3 5日線と25日線のGC=0 5日線と25日線の乖離率=7 ローソク足・上昇力=5 出来高=0 レジスタンスライン=1 RSI(14)=7,2026-10-05
163,5121,藤倉コンポジット,プライム,ゴム製品,85.4,○,29.0,-1.3,23.3,31,1.15,3075.0,2.73,69.2,200日線との関係=3 5日線と25日線のGC=9 5日線と25日線の乖離率=2 ローソク足・上昇力=8 出来高=3 レジスタンスライン=1 RSI(14)=5,2026-10-05
164,7182,ゆうちょ銀行,プライム,銀行業,85.2,○,35.8,-3.4,17.1,24,0.69,3397.0,205.75,54.9,200日線との関係=3 5日線と25日線のGC=6 5日線と25日線の乖離率=7 ローソク足・上昇力=0 出来高=0 レジスタンスライン=1 RSI(14)=7,2026-10-05
165,6947,図研,プライム,電気機器,85.0,,27.0,-0.7,16.8,27,1.24,5510.0,3.71,75.1,200日線との関係=3 5日線と25日線のGC=9 5日線と25日線の乖離率=2 ローソク足・上昇力=8 出来高=3 レジスタンスライン=1 RSI(14)=1,2026-10-05
166,7337,ひろぎんホールディングス,プライム,銀行業,85.0,○,37.2,-3.8,19.8,29,0.77,2391.5,15.63,51.7,200日線との関係=3 5日線と25日線のGC=6 5日線と25日線の乖離率=7 ローソク足・上昇力=5 出来高=0 レジスタンスライン=1 RSI(14)=7,2026-10-05
167,5831,しずおかフィナンシャルグループ,プライム,銀行業,84.9,○,35.7,-3.6,20.6,29,0.92,3578.0,68.04,52.8,200日線との関係=3 5日線と25日線のGC=6 5日線と25日線の乖離率=7 ローソク足・上昇力=5 出来高=0 レジスタンスライン=1 RSI(14)=7,2026-10-05
168,3774,インターネットイニシアティブ,プライム,情報・通信業,84.8,○,43.6,-5.0,18.7,27,1.0,3469.0,16.47,57.3,200日線との関係=3 5日線と25日線のGC=9 5日線と25日線の乖離率=7 ローソク足・上昇力=0 出来高=0 レジスタンスライン=1 RSI(14)=7,2026-10-05
169,8367,南都銀行,プライム,銀行業,84.8,○,39.9,-4.2,25.9,21,0.44,2031.0,8.6,56.1,200日線との関係=0 5日線と25日線のGC=6 5日線と25日線の乖離率=7 ローソク足・上昇力=0 出来高=0 レジスタンスライン=1 RSI(14)=7,2026-10-05
170,7803,ブシロード,グロース,その他製品,84.8,,87.3,-8.9,45.5,26,0.59,459.0,6.28,55.4,200日線との関係=0 5日線と25日線のGC=0 5日線と25日線の乖離率=7 ローソク足・上昇力=8 出来高=0 レジスタンスライン=4 RSI(14)=7,2026-10-05
171,7613,シークス,プライム,卸売業,84.7,○,36.4,-3.9,17.8,32,0.85,1627.0,3.18,59.8,200日線との関係=3 5日線と25日線のGC=9 5日線と25日線の乖離率=7 ローソク足・上昇力=5 出来高=0 レジスタンスライン=1 RSI(14)=7,2026-10-05
172,8341,七十七銀行,プライム,銀行業,84.7,○,34.5,-3.4,26.3,29,1.02,4120.0,31.07,56.2,200日線との関係=0 5日線と25日線のGC=6 5日線と25日線の乖離率=7 ローソク足・上昇力=5 出来高=3 レジスタンスライン=1 RSI(14)=7,2026-10-05
173,4493,サイバーセキュリティクラウド,グロース,情報・通信業,84.6,,27.7,-1.4,19.5,34,3.37,2118.0,4.75,63.6,200日線との関係=3 5日線と25日線のGC=9 5日線と25日線の乖離率=2 ローソク足・上昇力=5 出来高=9 レジスタンスライン=1 RSI(14)=5,2026-10-05
174,6104,芝浦機械,プライム,機械,84.6,,33.4,-3.1,15.9,21,1.1,5010.0,7.75,76.3,200日線との関係=3 5日線と25日線のGC=9 5日線と25日線の乖離率=2 ローソク足・上昇力=2 出来高=3 レジスタンスライン=1 RSI(14)=1,2026-10-05
175,8399,琉球銀行,プライム,銀行業,84.5,○,44.8,-5.2,27.3,21,0.82,3255.0,5.17,50.2,200日線との関係=0 5日線と25日線のGC=6 5日線と25日線の乖離率=7 ローソク足・上昇力=0 出来高=0 レジスタンスライン=1 RSI(14)=7,2026-10-05
176,6785,鈴木,プライム,電気機器,84.4,,28.0,-1.7,19.0,20,0.93,3480.0,2.6,68.7,200日線との関係=3 5日線と25日線のGC=9 5日線と25日線の乖離率=2 ローソク足・上昇力=0 出来高=0 レジスタンスライン=1 RSI(14)=5,2026-10-05
177,6523,ＰＨＣホールディングス,プライム,電気機器,84.4,,44.9,-5.4,40.6,20,1.08,1603.0,18.33,65.2,200日線との関係=0 5日線と25日線のGC=9 5日線と25日線の乖離率=2 ローソク足・上昇力=0 出来高=3 レジスタンスライン=1 RSI(14)=5,2026-10-05
178,8370,紀陽銀行,プライム,銀行業,84.4,○,35.1,-3.7,23.2,29,0.79,1756.0,7.9,55.5,200日線との関係=3 5日線と25日線のGC=6 5日線と25日線の乖離率=7 ローソク足・上昇力=5 出来高=0 レジスタンスライン=1 RSI(14)=7,2026-10-05
179,4092,日本化学工業,プライム,化学,84.3,○,101.8,-9.6,40.1,22,0.96,5750.0,6.58,56.6,200日線との関係=0 5日線と25日線のGC=9 5日線と25日線の乖離率=5 ローソク足・上昇力=0 出来高=0 レジスタンスライン=1 RSI(14)=7,2026-10-05
180,8354,ふくおかフィナンシャルグループ,プライム,銀行業,84.3,○,31.1,-2.6,18.3,32,1.11,7853.0,58.61,52.7,200日線との関係=3 5日線と25日線のGC=6 5日線と25日線の乖離率=7 ローソク足・上昇力=5 出来高=3 レジスタンスライン=1 RSI(14)=7,2026-10-05
181,2664,カワチ薬品,プライム,小売業,84.1,○,28.3,-2.2,16.8,30,0.62,3810.0,2.56,60.9,200日線との関係=3 5日線と25日線のGC=9 5日線と25日線の乖離率=7 ローソク足・上昇力=5 出来高=0 レジスタンスライン=1 RSI(14)=5,2026-10-05
182,7350,おきなわフィナンシャルグループ,プライム,銀行業,84.0,○,46.6,-6.2,26.7,23,0.57,7860.0,8.52,50.3,200日線との関係=0 5日線と25日線のGC=6 5日線と25日線の乖離率=7 ローソク足・上昇力=2 出来高=0 レジスタンスライン=1 RSI(14)=7,2026-10-05
183,3676,デジタルハーツホールディングス,プライム,情報・通信業,84.0,○,25.1,-0.9,19.8,14,0.13,1050.0,2.39,71.1,200日線との関係=3 5日線と25日線のGC=0 5日線と25日線の乖離率=7 ローソク足・上昇力=0 出来高=0 レジスタンスライン=1 RSI(14)=3,2026-10-05
184,4972,綜研化学,スタンダード,化学,84.0,○,36.2,-4.2,33.8,15,0.38,4425.0,2.69,66.7,200日線との関係=0 5日線と25日線のGC=9 5日線と25日線の乖離率=0 ローソク足・上昇力=0 出来高=0 レジスタンスライン=1 RSI(14)=5,2026-10-05
185,4062,イビデン,プライム,電気機器,83.8,,215.5,-10.7,71.6,21,0.88,12265.0,1673.6,65.8,200日線との関係=0 5日線と25日線のGC=9 5日線と25日線の乖離率=0 ローソク足・上昇力=0 出来高=0 レジスタンスライン=7 RSI(14)=5,2026-10-05
186,6301,小松製作所,プライム,機械,83.8,,29.6,-2.5,17.8,28,1.23,7777.0,231.37,62.2,200日線との関係=3 5日線と25日線のGC=9 5日線と25日線の乖離率=7 ローソク足・上昇力=0 出来高=3 レジスタンスライン=1 RSI(14)=5,2026-10-05
187,7433,伯東,プライム,卸売業,83.8,○,33.7,-3.8,23.6,30,1.09,1860.0,5.43,56.3,200日線との関係=3 5日線と25日線のGC=6 5日線と25日線の乖離率=5 ローソク足・上昇力=5 出来高=3 レジスタンスライン=1 RSI(14)=7,2026-10-05
188,7609,ダイトロン,プライム,卸売業,83.7,,63.1,-8.1,37.5,25,1.23,4510.0,3.59,65.5,200日線との関係=0 5日線と25日線のGC=9 5日線と25日線の乖離率=2 ローソク足・上昇力=2 出来高=3 レジスタンスライン=4 RSI(14)=5,2026-10-05
189,8537,大光銀行,スタンダード,銀行業,83.7,○,41.4,-5.3,25.4,17,1.07,3335.0,1.2,61.2,200日線との関係=0 5日線と25日線のGC=6 5日線と25日線の乖離率=2 ローソク足・上昇力=0 出来高=0 レジスタンスライン=4 RSI(14)=5,2026-10-05
190,6473,ジェイテクト,プライム,機械,83.6,,34.9,-4.1,11.4,38,0.84,2172.0,26.76,57.2,200日線との関係=6 5日線と25日線のGC=9 5日線と25日線の乖離率=7 ローソク足・上昇力=8 出来高=0 レジスタンスライン=1 RSI(14)=7,2026-10-05
191,6333,ＴＥＩＫＯＫＵ,プライム,機械,83.6,○,28.0,-2.3,15.6,30,0.94,3605.0,1.32,60.6,200日線との関係=3 5日線と25日線のGC=6 5日線と25日線の乖離率=7 ローソク足・上昇力=8 出来高=0 レジスタンスライン=1 RSI(14)=5,2026-10-05
192,5208,有沢製作所,プライム,化学,83.5,,26.0,-1.8,24.4,31,1.44,2925.0,5.37,65.4,200日線との関係=3 5日線と25日線のGC=9 5日線と25日線の乖離率=2 ローソク足・上昇力=8 出来高=3 レジスタンスライン=1 RSI(14)=5,2026-10-05
193,8364,清水銀行,プライム,銀行業,83.3,○,29.4,-2.8,22.1,29,0.78,3245.0,1.18,57.2,200日線との関係=3 5日線と25日線のGC=6 5日線と25日線の乖離率=7 ローソク足・上昇力=5 出来高=0 レジスタンスライン=1 RSI(14)=7,2026-10-05
194,7128,ユニソルホールディングス,プライム,卸売業,83.3,○,34.2,-4.1,22.5,23,0.7,2919.0,2.5,61.7,200日線との関係=3 5日線と25日線のGC=9 5日線と25日線の乖離率=5 ローソク足・上昇力=0 出来高=0 レジスタンスライン=1 RSI(14)=5,2026-10-05
195,8714,池田泉州ホールディングス,プライム,銀行業,83.2,○,29.4,-2.9,19.1,29,0.74,1126.0,10.4,56.1,200日線との関係=3 5日線と25日線のGC=6 5日線と25日線の乖離率=7 ローソク足・上昇力=5 出来高=0 レジスタンスライン=1 RSI(14)=7,2026-10-05
196,8157,都築電気,プライム,情報・通信業,83.1,○,24.7,-1.5,12.9,38,0.74,4320.0,2.05,56.9,200日線との関係=6 5日線と25日線のGC=9 5日線と25日線の乖離率=7 ローソク足・上昇力=8 出来高=0 レジスタンスライン=1 RSI(14)=7,2026-10-05
197,8306,三菱ＵＦＪフィナンシャル・グループ,プライム,銀行業,83.1,○,37.9,-5.2,17.1,26,0.82,3615.0,1535.43,49.0,200日線との関係=3 5日線と25日線のGC=0 5日線と25日線の乖離率=7 ローソク足・上昇力=8 出来高=0 レジスタンスライン=1 RSI(14)=7,2026-10-05
198,6810,マクセル,プライム,電気機器,83.0,○,26.7,-2.4,17.9,33,0.52,2634.0,6.2,61.2,200日線との関係=3 5日線と25日線のGC=9 5日線と25日線の乖離率=7 ローソク足・上昇力=8 出来高=0 レジスタンスライン=1 RSI(14)=5,2026-10-05
199,2767,円谷フィールズホールディングス,プライム,卸売業,83.0,○,73.8,-9.4,37.2,15,0.94,2425.0,11.02,43.9,200日線との関係=0 5日線と25日線のGC=0 5日線と25日線の乖離率=7 ローソク足・上昇力=0 出来高=0 レジスタンスライン=1 RSI(14)=7,2026-10-05
200,7186,横浜フィナンシャルグループ,プライム,銀行業,83.0,○,36.6,-5.1,16.0,18,0.69,1893.5,80.19,49.2,200日線との関係=3 5日線と25日線のGC=0 5日線と25日線の乖離率=7 ローソク足・上昇力=0 出来高=0 レジスタンスライン=1 RSI(14)=7,2026-10-05
201,9069,センコーグループホールディングス,プライム,陸運業,82.9,○,29.4,-3.3,14.5,35,1.07,2307.5,8.41,52.9,200日線との関係=6 5日線と25日線のGC=6 5日線と25日線の乖離率=7 ローソク足・上昇力=5 出来高=3 レジスタンスライン=1 RSI(14)=7,2026-10-05
202,6440,ＪＵＫＩ,プライム,機械,82.8,,34.3,-4.5,37.0,20,0.56,846.0,3.04,69.1,200日線との関係=0 5日線と25日線のGC=9 5日線と25日線の乖離率=0 ローソク足・上昇力=5 出来高=0 レジスタンスライン=1 RSI(14)=5,2026-10-05
203,6178,日本郵政,プライム,サービス業,82.7,○,37.8,-5.3,19.1,23,0.8,2465.5,140.93,48.5,200日線との関係=3 5日線と25日線のGC=0 5日線と25日線の乖離率=7 ローソク足・上昇力=2 出来高=0 レジスタンスライン=4 RSI(14)=7,2026-10-05
204,6861,キーエンス,プライム,電気機器,82.7,,47.5,-7.1,17.9,27,0.79,81680.0,440.5,59.4,200日線との関係=3 5日線と25日線のGC=9 5日線と25日線の乖離率=7 ローソク足・上昇力=0 出来高=0 レジスタンスライン=1 RSI(14)=7,2026-10-05
205,9934,因幡電機産業,プライム,卸売業,82.5,○,21.3,-0.2,14.6,36,0.88,3163.0,7.09,61.3,200日線との関係=6 5日線と25日線のGC=9 5日線と25日線の乖離率=7 ローソク足・上昇力=8 出来高=0 レジスタンスライン=1 RSI(14)=5,2026-10-05
206,4768,大塚商会,プライム,情報・通信業,82.4,○,24.0,-1.8,16.3,29,0.67,3655.0,41.73,59.1,200日線との関係=3 5日線と25日線のGC=9 5日線と25日線の乖離率=7 ローソク足・上昇力=2 出来高=0 レジスタンスライン=1 RSI(14)=7,2026-10-05
207,6460,セガサミーホールディングス,プライム,機械,82.4,○,35.0,-5.0,27.1,24,0.76,3252.0,34.05,57.6,200日線との関係=0 5日線と25日線のGC=6 5日線と25日線の乖離率=7 ローソク足・上昇力=0 出来高=0 レジスタンスライン=4 RSI(14)=7,2026-10-05
208,7189,西日本フィナンシャルホールディングス,プライム,銀行業,82.4,○,32.2,-4.3,20.0,29,0.89,4941.0,23.28,52.7,200日線との関係=3 5日線と25日線のGC=6 5日線と25日線の乖離率=7 ローソク足・上昇力=5 出来高=0 レジスタンスライン=1 RSI(14)=7,2026-10-05
209,4212,積水樹脂,プライム,化学,82.4,○,39.3,-5.8,21.3,23,0.95,2931.0,1.58,51.3,200日線との関係=3 5日線と25日線のGC=0 5日線と25日線の乖離率=7 ローソク足・上昇力=5 出来高=0 レジスタンスライン=1 RSI(14)=7,2026-10-05
210,7864,フジシールインターナショナル,プライム,その他製品,82.3,○,30.9,-4.0,13.3,32,0.95,3340.0,4.29,54.4,200日線との関係=6 5日線と25日線のGC=6 5日線と25日線の乖離率=7 ローソク足・上昇力=5 出来高=0 レジスタンスライン=1 RSI(14)=7,2026-10-05
211,8022,美津濃,プライム,その他製品,82.2,,28.7,-3.6,20.6,30,1.48,4300.0,9.79,63.2,200日線との関係=3 5日線と25日線のGC=9 5日線と25日線の乖離率=7 ローソク足・上昇力=2 出来高=3 レジスタンスライン=1 RSI(14)=5,2026-10-05
212,4565,ネクセラファーマ,プライム,医薬品,82.2,○,42.3,-6.4,26.4,27,0.62,1234.0,14.6,55.5,200日線との関係=0 5日線と25日線のGC=9 5日線と25日線の乖離率=7 ローソク足・上昇力=0 出来高=0 レジスタンスライン=4 RSI(14)=7,2026-10-05
213,8876,リログループ,プライム,サービス業,82.2,○,21.6,-0.9,18.9,33,0.92,2316.0,13.25,63.6,200日線との関係=3 5日線と25日線のGC=9 5日線と25日線の乖離率=7 ローソク足・上昇力=8 出来高=0 レジスタンスライン=1 RSI(14)=5,2026-10-05
214,8334,群馬銀行,プライム,銀行業,82.0,○,39.7,-6.0,31.9,27,0.64,3032.0,40.85,56.5,200日線との関係=0 5日線と25日線のGC=6 5日線と25日線の乖離率=5 ローソク足・上昇力=5 出来高=0 レジスタンスライン=4 RSI(14)=7,2026-10-05
215,8075,神鋼商事,プライム,卸売業,81.9,○,33.6,-4.9,18.1,21,0.91,3075.0,1.62,48.2,200日線との関係=3 5日線と25日線のGC=0 5日線と25日線の乖離率=7 ローソク足・上昇力=0 出来高=0 レジスタンスライン=4 RSI(14)=7,2026-10-05
216,8103,明和産業,プライム,卸売業,81.9,○,27.9,-3.5,11.1,33,1.2,1005.0,1.55,60.0,200日線との関係=6 5日線と25日線のGC=6 5日線と25日線の乖離率=7 ローソク足・上昇力=5 出来高=3 レジスタンスライン=1 RSI(14)=5,2026-10-05
217,6750,エレコム,プライム,電気機器,81.7,○,26.9,-3.4,13.8,21,0.7,2012.0,3.64,54.0,200日線との関係=6 5日線と25日線のGC=0 5日線と25日線の乖離率=7 ローソク足・上昇力=0 出来高=0 レジスタンスライン=1 RSI(14)=7,2026-10-05
218,7272,ヤマハ発動機,プライム,輸送用機器,81.7,○,61.4,-9.2,35.6,29,0.81,1805.0,110.67,51.7,200日線との関係=0 5日線と25日線のGC=0 5日線と25日線の乖離率=7 ローソク足・上昇力=8 出来高=0 レジスタンスライン=7 RSI(14)=7,2026-10-05
219,8697,日本取引所グループ,プライム,その他金融業,81.7,○,26.4,-3.2,15.3,24,0.81,2289.0,80.51,54.3,200日線との関係=3 5日線と25日線のGC=6 5日線と25日線の乖離率=7 ローソク足・上昇力=0 出来高=0 レジスタンスライン=1 RSI(14)=7,2026-10-05
220,9889,ＪＢＣＣホールディングス,プライム,情報・通信業,81.7,○,42.1,-6.6,18.3,21,0.7,1698.0,2.91,52.5,200日線との関係=3 5日線と25日線のGC=0 5日線と25日線の乖離率=7 ローソク足・上昇力=0 出来高=0 レジスタンスライン=4 RSI(14)=7,2026-10-05
221,7327,第四北越フィナンシャルグループ,プライム,銀行業,81.7,○,40.5,-6.4,28.6,27,0.95,2701.0,27.38,54.3,200日線との関係=0 5日線と25日線のGC=6 5日線と25日線の乖離率=5 ローソク足・上昇力=5 出来高=0 レジスタンスライン=4 RSI(14)=7,2026-10-05
222,7970,信越ポリマー,プライム,化学,81.7,,27.0,-3.5,12.5,31,1.49,2459.0,2.68,67.9,200日線との関係=6 5日線と25日線のGC=9 5日線と25日線の乖離率=2 ローソク足・上昇力=5 出来高=3 レジスタンスライン=1 RSI(14)=5,2026-10-05
223,2146,ＵＴグループ,プライム,サービス業,81.6,○,22.7,-2.1,20.0,22,0.66,238.0,10.29,60.3,200日線との関係=3 5日線と25日線のGC=6 5日線と25日線の乖離率=7 ローソク足・上昇力=0 出来高=0 レジスタンスライン=1 RSI(14)=5,2026-10-05
224,8173,Ｊｏｓｈｉｎ,プライム,小売業,81.6,○,50.4,-8.1,29.2,26,1.14,4265.0,9.5,50.3,200日線との関係=0 5日線と25日線のGC=0 5日線と25日線の乖離率=7 ローソク足・上昇力=5 出来高=3 レジスタンスライン=4 RSI(14)=7,2026-10-05
225,4611,大日本塗料,プライム,化学,81.6,○,29.2,-4.1,15.1,29,0.97,1582.0,1.09,57.7,200日線との関係=3 5日線と25日線のGC=3 5日線と25日線の乖離率=7 ローソク足・上昇力=8 出来高=0 レジスタンスライン=1 RSI(14)=7,2026-10-05
226,7381,ＣＣＩグループ,プライム,銀行業,81.3,○,40.5,-6.6,29.0,22,0.72,1333.0,6.09,55.0,200日線との関係=0 5日線と25日線のGC=6 5日線と25日線の乖離率=5 ローソク足・上昇力=0 出来高=0 レジスタンスライン=4 RSI(14)=7,2026-10-05
227,7267,本田技研工業,プライム,輸送用機器,81.3,○,32.0,-5.1,11.0,32,1.0,1676.5,242.93,49.4,200日線との関係=6 5日線と25日線のGC=0 5日線と25日線の乖離率=7 ローソク足・上昇力=8 出来高=3 レジスタンスライン=1 RSI(14)=7,2026-10-05
228,8707,岩井コスモホールディングス,プライム,証券、商品先物取引業,81.3,○,30.7,-4.7,17.7,18,0.91,4595.0,5.36,47.7,200日線との関係=3 5日線と25日線のGC=0 5日線と25日線の乖離率=7 ローソク足・上昇力=0 出来高=0 レジスタンスライン=1 RSI(14)=7,2026-10-05
229,8304,あおぞら銀行,プライム,銀行業,81.2,○,33.8,-5.4,20.3,18,0.68,3398.0,45.61,48.5,200日線との関係=3 5日線と25日線のGC=0 5日線と25日線の乖離率=7 ローソク足・上昇力=0 出来高=0 レジスタンスライン=1 RSI(14)=7,2026-10-05
230,8150,三信電気,プライム,卸売業,81.1,,22.2,-2.2,12.5,28,0.56,3360.0,1.55,60.8,200日線との関係=6 5日線と25日線のGC=9 5日線と25日線の乖離率=7 ローソク足・上昇力=0 出来高=0 レジスタンスライン=1 RSI(14)=5,2026-10-05
231,6834,精工技研,スタンダード,電気機器,81.0,,58.1,-9.3,48.4,21,0.86,6920.0,51.3,70.0,200日線との関係=0 5日線と25日線のGC=9 5日線と25日線の乖離率=0 ローソク足・上昇力=0 出来高=0 レジスタンスライン=7 RSI(14)=5,2026-10-05
232,4443,Ｓａｎｓａｎ,プライム,情報・通信業,80.9,○,85.8,-11.2,31.1,29,0.88,2092.0,27.24,52.6,200日線との関係=0 5日線と25日線のGC=0 5日線と25日線の乖離率=7 ローソク足・上昇力=8 出来高=0 レジスタンスライン=7 RSI(14)=7,2026-10-05
233,4205,日本ゼオン,プライム,化学,80.7,,38.5,-6.6,16.7,41,1.38,2444.0,22.51,55.2,200日線との関係=3 5日線と25日線のGC=9 5日線と25日線の乖離率=7 ローソク足・上昇力=8 出来高=3 レジスタンスライン=4 RSI(14)=7,2026-10-05
234,8704,トレイダーズホールディングス,スタンダード,証券、商品先物取引業,80.7,○,36.0,-6.4,20.5,21,1.37,1383.0,1.37,48.2,200日線との関係=3 5日線と25日線のGC=0 5日線と25日線の乖離率=7 ローソク足・上昇力=0 出来高=0 レジスタンスライン=4 RSI(14)=7,2026-10-05
235,5830,いよぎんホールディングス,プライム,銀行業,80.6,○,34.4,-6.0,20.1,24,1.06,3870.0,39.93,50.5,200日線との関係=3 5日線と25日線のGC=0 5日線と25日線の乖離率=7 ローソク足・上昇力=0 出来高=3 レジスタンスライン=4 RSI(14)=7,2026-10-05
236,3851,日本一ソフトウェア,スタンダード,情報・通信業,80.6,,65.8,-10.4,50.0,23,0.17,1399.0,3.14,55.0,200日線との関係=0 5日線と25日線のGC=0 5日線と25日線の乖離率=7 ローソク足・上昇力=8 出来高=0 レジスタンスライン=1 RSI(14)=7,2026-10-05
237,4933,Ｉ－ｎｅ,プライム,化学,80.6,○,96.2,-11.7,63.7,17,0.42,2150.0,4.51,66.6,200日線との関係=0 5日線と25日線のGC=6 5日線と25日線の乖離率=0 ローソク足・上昇力=2 出来高=0 レジスタンスライン=4 RSI(14)=5,2026-10-05
238,6351,鶴見製作所,プライム,機械,80.5,○,26.3,-3.9,16.2,29,0.69,2613.0,1.65,57.6,200日線との関係=3 5日線と25日線のGC=6 5日線と25日線の乖離率=7 ローソク足・上昇力=5 出来高=0 レジスタンスライン=1 RSI(14)=7,2026-10-05
239,6645,オムロン,プライム,電気機器,80.5,,51.8,-8.9,25.4,30,0.93,6597.0,76.96,62.9,200日線との関係=0 5日線と25日線のGC=9 5日線と25日線の乖離率=7 ローソク足・上昇力=5 出来高=0 レジスタンスライン=4 RSI(14)=5,2026-10-05
240,7161,じもとホールディングス,スタンダード,銀行業,80.4,,38.8,-7.1,28.5,19,1.62,658.0,1.07,59.7,200日線との関係=0 5日線と25日線のGC=6 5日線と25日線の乖離率=2 ローソク足・上昇力=0 出来高=0 レジスタンスライン=4 RSI(14)=7,2026-10-05
241,4189,ＫＨネオケム,プライム,化学,80.3,,26.2,-4.1,18.6,24,0.96,3425.0,3.87,62.1,200日線との関係=3 5日線と25日線のGC=6 5日線と25日線の乖離率=7 ローソク足・上昇力=2 出来高=0 レジスタンスライン=1 RSI(14)=5,2026-10-05
242,4027,テイカ,プライム,化学,80.2,○,38.5,-7.1,20.2,23,1.16,2339.0,1.2,48.7,200日線との関係=3 5日線と25日線のGC=0 5日線と25日線の乖離率=7 ローソク足・上昇力=2 出来高=3 レジスタンスライン=1 RSI(14)=7,2026-10-05
243,5195,バンドー化学,プライム,ゴム製品,80.1,○,23.0,-3.0,12.0,23,0.7,2484.0,1.67,53.5,200日線との関係=6 5日線と25日線のGC=0 5日線と25日線の乖離率=7 ローソク足・上昇力=2 出来高=0 レジスタンスライン=1 RSI(14)=7,2026-10-05
244,8410,セブン銀行,プライム,銀行業,80.1,○,25.8,-4.0,13.2,21,1.14,336.79998779296875,13.82,47.5,200日線との関係=6 5日線と25日線のGC=0 5日線と25日線の乖離率=7 ローソク足・上昇力=0 出来高=0 レジスタンスライン=1 RSI(14)=7,2026-10-05
245,3091,ブロンコビリー,プライム,小売業,80.0,○,25.0,-3.8,25.0,21,1.16,2821.0,1.9,53.3,200日線との関係=0 5日線と25日線のGC=6 5日線と25日線の乖離率=7 ローソク足・上昇力=0 出来高=0 レジスタンスライン=1 RSI(14)=7,2026-10-05
246,3989,シェアリングテクノロジー,グロース,情報・通信業,79.8,○,28.1,-4.9,23.5,24,0.43,1547.0,8.09,57.3,200日線との関係=3 5日線と25日線のGC=6 5日線と25日線の乖離率=7 ローソク足・上昇力=0 出来高=0 レジスタンスライン=1 RSI(14)=7,2026-10-05
247,6532,ベイカレント,プライム,サービス業,79.8,,80.7,-11.7,32.3,29,0.83,8014.0,88.48,59.5,200日線との関係=0 5日線と25日線のGC=9 5日線と25日線の乖離率=7 ローソク足・上昇力=2 出来高=0 レジスタンスライン=4 RSI(14)=7,2026-10-05
248,4967,小林製薬,プライム,化学,79.6,○,20.3,-2.3,24.6,16,0.99,7059.0,20.46,81.6,200日線との関係=3 5日線と25日線のGC=9 5日線と25日線の乖離率=0 ローソク足・上昇力=2 出来高=0 レジスタンスライン=1 RSI(14)=1,2026-10-05
249,6058,ベクトル,プライム,サービス業,79.6,,62.3,-10.7,31.1,27,1.58,1988.0,10.52,53.0,200日線との関係=0 5日線と25日線のGC=6 5日線と25日線の乖離率=7 ローソク足・上昇力=0 出来高=0 レジスタンスライン=7 RSI(14)=7,2026-10-05
250,338A,ＺｅｎｍｕＴｅｃｈ,グロース,情報・通信業,79.6,,59.2,-10.4,64.0,28,2.53,4285.0,35.32,74.1,200日線との関係=0 5日線と25日線のGC=9 5日線と25日線の乖離率=0 ローソク足・上昇力=0 出来高=9 レジスタンスライン=7 RSI(14)=3,2026-10-05
251,7389,あいちフィナンシャルグループ,プライム,銀行業,79.6,○,40.2,-7.6,38.5,22,0.86,1993.0,22.86,53.3,200日線との関係=0 5日線と25日線のGC=6 5日線と25日線の乖離率=5 ローソク足・上昇力=0 出来高=0 レジスタンスライン=4 RSI(14)=7,2026-10-05
252,4228,積水化成品工業,プライム,化学,79.5,○,41.2,-7.6,22.0,32,0.69,617.0,1.37,55.1,200日線との関係=3 5日線と25日線のGC=6 5日線と25日線の乖離率=7 ローソク足・上昇力=8 出来高=0 レジスタンスライン=1 RSI(14)=7,2026-10-05
253,4684,オービック,プライム,情報・通信業,79.5,,32.0,-6.2,15.3,32,0.55,5018.0,93.85,56.0,200日線との関係=3 5日線と25日線のGC=9 5日線と25日線の乖離率=7 ローソク足・上昇力=5 出来高=0 レジスタンスライン=1 RSI(14)=7,2026-10-05
254,6349,小森コーポレーション,プライム,機械,79.5,○,28.4,-5.2,17.3,29,1.11,1963.0,3.04,50.5,200日線との関係=3 5日線と25日線のGC=0 5日線と25日線の乖離率=7 ローソク足・上昇力=5 出来高=3 レジスタンスライン=4 RSI(14)=7,2026-10-05
255,8439,東京センチュリー,プライム,その他金融業,79.4,○,31.8,-6.3,12.6,32,1.14,2618.5,18.42,47.3,200日線との関係=6 5日線と25日線のGC=0 5日線と25日線の乖離率=7 ローソク足・上昇力=5 出来高=3 レジスタンスライン=4 RSI(14)=7,2026-10-05
256,5901,東洋製罐グループホールディングス,プライム,金属製品,79.3,○,25.9,-4.6,12.2,29,0.81,4446.0,17.62,48.6,200日線との関係=6 5日線と25日線のGC=0 5日線と25日線の乖離率=7 ローソク足・上昇力=8 出来高=0 レジスタンスライン=1 RSI(14)=7,2026-10-05
257,5975,東プレ,プライム,金属製品,79.2,○,41.0,-7.8,23.0,29,0.8,3330.0,3.72,52.9,200日線との関係=3 5日線と25日線のGC=0 5日線と25日線の乖離率=7 ローソク足・上昇力=8 出来高=0 レジスタンスライン=4 RSI(14)=7,2026-10-05
258,8616,東海東京フィナンシャル・ホールディングス,プライム,証券、商品先物取引業,79.2,○,24.7,-4.2,16.2,18,1.6,889.0,10.36,53.2,200日線との関係=3 5日線と25日線のGC=0 5日線と25日線の乖離率=7 ローソク足・上昇力=0 出来高=0 レジスタンスライン=1 RSI(14)=7,2026-10-05
259,8032,日本紙パルプ商事,プライム,卸売業,79.1,○,21.8,-3.3,14.4,32,1.06,1246.0,2.83,53.2,200日線との関係=6 5日線と25日線のGC=6 5日線と25日線の乖離率=7 ローソク足・上昇力=2 出来高=3 レジスタンスライン=1 RSI(14)=7,2026-10-05
260,4413,ボードルア,プライム,情報・通信業,79.0,○,62.0,-10.9,22.9,26,0.18,2953.0,10.56,49.9,200日線との関係=3 5日線と25日線のGC=0 5日線と25日線の乖離率=7 ローソク足・上昇力=8 出来高=0 レジスタンスライン=1 RSI(14)=7,2026-10-05
261,7510,たけびし,プライム,卸売業,79.0,,20.3,-2.5,17.8,33,0.63,2878.0,1.49,59.0,200日線との関係=3 5日線と25日線のGC=9 5日線と25日線の乖離率=5 ローソク足・上昇力=8 出来高=0 レジスタンスライン=1 RSI(14)=7,2026-10-05
262,9831,ヤマダホールディングス,プライム,小売業,79.0,○,35.3,-7.2,17.6,32,0.79,712.2000122070312,33.33,51.3,200日線との関係=3 5日線と25日線のGC=6 5日線と25日線の乖離率=7 ローソク足・上昇力=8 出来高=0 レジスタンスライン=1 RSI(14)=7,2026-10-05
263,6250,やまびこ,プライム,機械,79.0,○,26.6,-5.1,17.5,23,0.61,4375.0,5.43,53.2,200日線との関係=3 5日線と25日線のGC=0 5日線と25日線の乖離率=7 ローソク足・上昇力=2 出来高=0 レジスタンスライン=4 RSI(14)=7,2026-10-05
264,8316,三井住友フィナンシャルグループ,プライム,銀行業,78.7,○,33.5,-7.1,12.4,29,0.9,3374.0,873.23,47.3,200日線との関係=6 5日線と25日線のGC=0 5日線と25日線の乖離率=7 ローソク足・上昇力=8 出来高=0 レジスタンスライン=1 RSI(14)=7,2026-10-05
265,6227,ＡＩメカテック,スタンダード,機械,78.6,,50.7,-10.0,48.3,30,1.15,8380.0,69.26,72.8,200日線との関係=0 5日線と25日線のGC=9 5日線と25日線の乖離率=0 ローソク足・上昇力=8 出来高=3 レジスタンスライン=7 RSI(14)=3,2026-10-05
266,6862,ミナトホールディングス,スタンダード,電気機器,78.6,○,133.9,-13.4,105.6,18,0.6,5120.0,13.87,60.8,200日線との関係=0 5日線と25日線のGC=6 5日線と25日線の乖離率=0 ローソク足・上昇力=0 出来高=0 レジスタンスライン=7 RSI(14)=5,2026-10-05
267,7752,リコー,プライム,電気機器,78.6,,25.6,-4.9,13.1,21,1.14,1661.5,31.62,53.6,200日線との関係=6 5日線と25日線のGC=0 5日線と25日線の乖離率=7 ローソク足・上昇力=0 出来高=0 レジスタンスライン=1 RSI(14)=7,2026-10-05
268,2820,やまみ,スタンダード,食料品,78.6,○,46.0,-9.2,26.1,23,0.41,6220.0,1.11,51.0,200日線との関係=0 5日線と25日線のGC=0 5日線と25日線の乖離率=7 ローソク足・上昇力=2 出来高=0 レジスタンスライン=7 RSI(14)=7,2026-10-05
269,6994,指月電機製作所,スタンダード,電気機器,78.5,,53.2,-10.4,29.4,29,1.79,1377.0,1.7,69.3,200日線との関係=0 5日線と25日線のGC=9 5日線と25日線の乖離率=2 ローソク足・上昇力=0 出来高=6 レジスタンスライン=7 RSI(14)=5,2026-10-05
270,4073,ジィ・シィ企画,グロース,情報・通信業,78.4,,56.0,-10.9,50.0,38,3.76,780.0,1.91,68.1,200日線との関係=0 5日線と25日線のGC=9 5日線と25日線の乖離率=0 ローソク足・上昇力=8 出来高=9 レジスタンスライン=7 RSI(14)=5,2026-10-05
271,4919,ミルボン,プライム,化学,78.4,○,20.5,-3.3,18.0,26,0.98,3250.0,5.83,56.9,200日線との関係=3 5日線と25日線のGC=0 5日線と25日線の乖離率=7 ローソク足・上昇力=8 出来高=0 レジスタンスライン=1 RSI(14)=7,2026-10-05
272,6963,ローム,プライム,電気機器,78.3,,71.8,-12.0,37.7,28,1.22,5370.0,148.48,66.7,200日線との関係=0 5日線と25日線のGC=9 5日線と25日線の乖離率=2 ローソク足・上昇力=5 出来高=3 レジスタンスライン=4 RSI(14)=5,2026-10-05
273,4004,レゾナック・ホールディングス,プライム,化学,78.2,,72.5,-12.2,36.5,31,1.88,18000.0,326.73,66.0,200日線との関係=0 5日線と25日線のGC=9 5日線と25日線の乖離率=5 ローソク足・上昇力=5 出来高=6 レジスタンスライン=1 RSI(14)=5,2026-10-05
274,6627,テラプローブ,スタンダード,電気機器,78.2,,68.3,-11.8,34.3,18,1.19,2639.0,10.99,65.6,200日線との関係=0 5日線と25日線のGC=9 5日線と25日線の乖離率=0 ローソク足・上昇力=0 出来高=3 レジスタンスライン=1 RSI(14)=5,2026-10-05
275,4095,日本パーカライジング,プライム,化学,78.0,,23.6,-4.6,13.1,38,0.96,1790.0,3.71,58.4,200日線との関係=6 5日線と25日線のGC=9 5日線と25日線の乖離率=7 ローソク足・上昇力=8 出来高=0 レジスタンスライン=1 RSI(14)=7,2026-10-05
276,4008,住友精化,プライム,化学,77.9,○,24.1,-4.9,17.7,23,0.93,1510.0,2.55,54.1,200日線との関係=3 5日線と25日線のGC=0 5日線と25日線の乖離率=7 ローソク足・上昇力=5 出来高=0 レジスタンスライン=1 RSI(14)=7,2026-10-05
277,9274,ＫＰＰグループホールディングス,プライム,卸売業,77.8,○,28.2,-6.3,15.2,24,0.64,1117.0,3.91,50.7,200日線との関係=3 5日線と25日線のGC=6 5日線と25日線の乖離率=7 ローソク足・上昇力=0 出来高=0 レジスタンスライン=1 RSI(14)=7,2026-10-05
278,7453,良品計画,プライム,小売業,77.7,,30.2,-6.8,18.1,30,1.1,4312.0,112.07,61.1,200日線との関係=3 5日線と25日線のGC=9 5日線と25日線の乖離率=7 ローソク足・上昇力=2 出来高=3 レジスタンスライン=1 RSI(14)=5,2026-10-05
279,3778,さくらインターネット,プライム,情報・通信業,77.4,,49.3,-10.5,25.9,24,0.87,3895.0,30.04,56.9,200日線との関係=0 5日線と25日線のGC=9 5日線と25日線の乖離率=7 ローソク足・上昇力=0 出来高=0 レジスタンスライン=1 RSI(14)=7,2026-10-05
280,8081,カナデン,プライム,卸売業,77.4,,27.6,-6.3,11.9,33,0.42,2641.0,1.3,61.2,200日線との関係=6 5日線と25日線のGC=6 5日線と25日線の乖離率=7 ローソク足・上昇力=5 出来高=0 レジスタンスライン=4 RSI(14)=5,2026-10-05
281,4390,ＩＰＳ,プライム,情報・通信業,77.3,○,35.9,-8.2,14.8,21,0.69,3965.0,2.31,46.8,200日線との関係=6 5日線と25日線のGC=0 5日線と25日線の乖離率=7 ローソク足・上昇力=0 出来高=0 レジスタンスライン=1 RSI(14)=7,2026-10-05
282,7287,日本精機,スタンダード,輸送用機器,77.3,,19.3,-3.4,10.1,35,0.69,2785.0,5.35,56.9,200日線との関係=6 5日線と25日線のGC=6 5日線と25日線の乖離率=7 ローソク足・上昇力=8 出来高=0 レジスタンスライン=1 RSI(14)=7,2026-10-05
283,6379,レイズネクスト,プライム,建設業,77.3,○,31.2,-7.4,18.1,29,0.64,992.0,6.65,50.4,200日線との関係=3 5日線と25日線のGC=0 5日線と25日線の乖離率=7 ローソク足・上昇力=8 出来高=0 レジスタンスライン=4 RSI(14)=7,2026-10-05
284,4401,ＡＤＥＫＡ,プライム,化学,77.2,,30.7,-7.3,12.3,36,0.93,4733.0,12.22,62.0,200日線との関係=6 5日線と25日線のGC=9 5日線と25日線の乖離率=7 ローソク足・上昇力=8 出来高=0 レジスタンスライン=1 RSI(14)=5,2026-10-05
285,4680,ラウンドワン,プライム,サービス業,77.0,,55.5,-11.5,15.8,30,0.83,1247.5,27.84,51.8,200日線との関係=3 5日線と25日線のGC=6 5日線と25日線の乖離率=7 ローソク足・上昇力=0 出来高=0 レジスタンスライン=7 RSI(14)=7,2026-10-05
286,4206,アイカ工業,プライム,化学,76.9,○,17.6,-3.1,14.2,38,1.26,4246.0,10.58,56.5,200日線との関係=6 5日線と25日線のGC=6 5日線と25日線の乖離率=7 ローソク足・上昇力=8 出来高=3 レジスタンスライン=1 RSI(14)=7,2026-10-05
287,8015,豊田通商,プライム,卸売業,76.9,,23.7,-5.3,14.4,26,0.81,7387.0,164.21,51.7,200日線との関係=6 5日線と25日線のGC=0 5日線と25日線の乖離率=7 ローソク足・上昇力=5 出来高=0 レジスタンスライン=1 RSI(14)=7,2026-10-05
288,6952,カシオ計算機,プライム,電気機器,76.9,,55.8,-11.7,29.5,29,0.99,2240.5,37.15,54.7,200日線との関係=0 5日線と25日線のGC=0 5日線と25日線の乖離率=7 ローソク足・上昇力=8 出来高=0 レジスタンスライン=7 RSI(14)=7,2026-10-05
289,6905,コーセル,プライム,電気機器,76.8,,33.2,-7.8,18.2,23,1.12,1527.0,3.8,71.1,200日線との関係=3 5日線と25日線のGC=9 5日線と25日線の乖離率=2 ローソク足・上昇力=2 出来高=3 レジスタンスライン=1 RSI(14)=3,2026-10-05
290,4272,日本化薬,プライム,化学,76.8,,19.6,-3.8,9.8,43,1.12,2108.5,12.4,53.7,200日線との関係=8 5日線と25日線のGC=9 5日線と25日線の乖離率=7 ローソク足・上昇力=8 出来高=3 レジスタンスライン=1 RSI(14)=7,2026-10-05
291,4674,クレスコ,プライム,情報・通信業,76.8,,35.7,-8.4,18.7,27,0.69,1930.0,3.22,57.9,200日線との関係=3 5日線と25日線のGC=6 5日線と25日線の乖離率=7 ローソク足・上昇力=0 出来高=0 レジスタンスライン=4 RSI(14)=7,2026-10-05
292,367A,プリモグローバルホールディングス,スタンダード,小売業,76.6,,25.4,-6.1,14.5,38,0.55,2902.0,1.42,55.2,200日線との関係=6 5日線と25日線のGC=9 5日線と25日線の乖離率=7 ローソク足・上昇力=8 出来高=0 レジスタンスライン=1 RSI(14)=7,2026-10-05
293,6071,ＩＢＪ,プライム,サービス業,76.6,,34.8,-8.3,13.2,23,0.6,895.0,2.16,50.9,200日線との関係=6 5日線と25日線のGC=0 5日線と25日線の乖離率=7 ローソク足・上昇力=2 出来高=0 レジスタンスライン=1 RSI(14)=7,2026-10-05
294,6136,オーエスジー,プライム,機械,76.6,,50.9,-11.2,19.2,39,1.05,3750.0,12.15,61.9,200日線との関係=3 5日線と25日線のGC=6 5日線と25日線の乖離率=7 ローソク足・上昇力=8 出来高=3 レジスタンスライン=7 RSI(14)=5,2026-10-05
295,6525,ＫＯＫＵＳＡＩ　ＥＬＥＣＴＲＩＣ,プライム,電気機器,76.6,,102.3,-14.2,43.0,26,0.57,10485.0,798.28,69.6,200日線との関係=0 5日線と25日線のGC=9 5日線と25日線の乖離率=0 ローソク足・上昇力=5 出来高=0 レジスタンスライン=7 RSI(14)=5,2026-10-05
296,4208,ＵＢＥ,プライム,化学,76.6,○,38.8,-9.1,16.2,32,0.79,3374.0,26.64,46.0,200日線との関係=3 5日線と25日線のGC=0 5日線と25日線の乖離率=7 ローソク足・上昇力=8 出来高=0 レジスタンスライン=7 RSI(14)=7,2026-10-05
297,8750,第一ライフグループ,プライム,保険業,76.5,○,29.2,-7.3,12.9,29,0.86,1816.0,180.5,44.4,200日線との関係=6 5日線と25日線のGC=0 5日線と25日線の乖離率=7 ローソク足・上昇力=8 出来高=0 レジスタンスライン=1 RSI(14)=7,2026-10-05
298,5632,三菱製鋼,プライム,鉄鋼,76.5,○,33.3,-8.1,16.8,21,0.46,2408.0,2.93,47.9,200日線との関係=3 5日線と25日線のGC=0 5日線と25日線の乖離率=7 ローソク足・上昇力=0 出来高=0 レジスタンスライン=4 RSI(14)=7,2026-10-05
299,6794,フォスター電機,プライム,電気機器,76.3,,20.4,-4.6,13.4,28,0.92,3340.0,4.2,69.1,200日線との関係=6 5日線と25日線のGC=9 5日線と25日線の乖離率=2 ローソク足・上昇力=5 出来高=0 レジスタンスライン=1 RSI(14)=5,2026-10-05
300,6418,日本金銭機械,プライム,機械,76.2,○,22.6,-5.4,16.6,24,1.06,1254.0,1.64,55.2,200日線との関係=3 5日線と25日線のGC=0 5日線と25日線の乖離率=7 ローソク足・上昇力=0 出来高=3 レジスタンスライン=4 RSI(14)=7,2026-10-05
