総合順位,コード,銘柄名,総合点,テクニカル点,リスク点,リスク内訳,業績の質の注意,ボラティリティ%,最大下落%,200日線乖離%,RSI,予想PER,売買代金_億円,次回決算,チャート区分,条件数,満たさない条件,終値,25日線,200日線,最も近い抵抗線,低リスク順,チャート条件順
1,4099,四国化成ホールディングス,88,45,4,値動き2 下落幅1 業績の質1,9月に大株主（日清紡HD）が株式を売出し。需給が重い可能性,62.8,-43.0,3.2,61.1,17.3,18.07,2026-11-13,A,6,,2519.0,2252.8,2440.1,"最も近い抵抗：2,892.1円（+14.8%・出来高集中帯）",14,3
2,6914,オプテックスグループ,87,50,2,値動き1 下落幅1,,48.0,-34.9,5.0,59.0,15.7,5.29,2026-11-13,A,6,,3390.0,3177.8,3227.3,"最も近い抵抗：4,395.6円（+29.7%・出来高集中帯）",8,1
3,4221,大倉工業,85,43,2,流動性1 業績の質1,9/30に125.6万株の株式売出しを発表。需給悪化の可能性,27.4,-21.6,7.5,45.0,10.6,3.12,2026-10-29,A,4,GC・5日線上向き / 上方10%以内に抵抗線なし,5400.0,5546.8,5021.6,"最も近い抵抗：5,810.0円（+7.6%・52週高値）",2,6
4,7995,バルカー,83,46,4,値動き1 過熱2 流動性1,,42.5,-29.4,23.5,68.2,14.7,3.75,2026-11-04,D,4,200日線の上0〜10% / RSI65未満,7250.0,6627.2,5871.8,"最も近い抵抗：8,660.0円（+19.4%・52週高値）",13,15
5,6866,日置電機,80,43,5,値動き1 過熱2 流動性1 決算1,,45.1,-25.0,24.3,66.5,21.0,3.78,2026-10-15,D,3,200日線の上0〜10% / RSI65未満 / 2週間以内に決算なし,11810.0,10442.8,9499.5,"最も近い抵抗：13,320.0円（+12.8%・2回反落した価格帯）",17,18
6,9308,乾汽船,80,39,5,値動き1 過熱2 流動性1 業績の質1,海運市況で利益が大きく振れる。純利益+359%は前期が低水準だったため,35.4,-23.9,33.7,49.5,14.5,3.56,2026-11-10,D,4,200日線の上0〜10% / GC・5日線上向き,2200.0,2210.0,1644.9,"最も近い抵抗：2,488.0円（+13.1%・52週高値）",16,16
7,6516,山洋電気,79,39,2,値動き1 下落幅1,,45.1,-34.0,6.5,65.5,17.0,5.02,2026-10-29,D,3,RSI65未満 / 上方10%以内に抵抗線なし / 陽線・押し戻し30%未満,5740.0,5342.0,5391.7,"最も近い抵抗：6,190.0円（+7.8%・2回反落した価格帯）",7,19
8,212A,フィットイージー,78,37,3,値動き1 下落幅1 業績の質1,9月に新株発行（希薄化）と株式売出し,47.2,-38.5,7.0,46.0,18.7,5.54,不明,A,4,GC・5日線上向き / 上方10%以内に抵抗線なし,2773.0,2839.6,2591.4,"最も近い抵抗：2,794.0円（+0.8%・2回反落した価格帯）",12,7
9,6966,三井ハイテック,77,35,5,値動き2 下落幅1 過熱1 業績の質1,純利益+360%は前期が低水準だったため。PEGが極端に低く出ている,59.3,-36.1,13.9,55.7,11.8,27.7,不明,B,3,200日線の上0〜10% / 上方10%以内に抵抗線なし / 陽線・押し戻し30%未満,938.0,907.3,823.4,"最も近い抵抗：1,002.0円（+6.8%・2回反落した価格帯）",19,12
10,6471,日本精工,77,37,2,値動き1 業績の質1,Q1純利益+796%は前年同期が低水準だったため（理由は未確認）,39.0,-26.0,-1.9,58.2,19.0,26.36,2026-10-29,C,4,200日線の上0〜10% / 上方10%以内に抵抗線なし,1126.0,1089.5,1148.4,"最も近い抵抗：1,141.0円（+1.3%・2回反落した価格帯）",6,13
11,6616,トレックス・セミコンダクター,77,38,5,値動き2 下落幅1 流動性1 業績の質1,Q1の経常・純利益の急増と、9/25開示の子会社譲渡益（特別利益）,52.9,-43.0,7.0,58.4,13.5,1.81,2026-11-13,A,5,陽線・押し戻し30%未満,2042.0,1910.1,1908.7,"最も近い抵抗：2,890.5円（+41.6%・出来高集中帯）",18,4
12,6136,オーエスジー,76,39,2,過熱1 決算1,,33.0,-17.5,19.2,61.9,14.7,12.15,2026-10-09,D,4,200日線の上0〜10% / 2週間以内に決算なし,3750.0,3563.8,3144.7,"最も近い抵抗：4,223.0円（+12.6%・52週高値）",3,17
13,3964,オークネット,76,37,1,値動き1,,40.6,-21.7,8.8,54.4,16.1,8.61,2026-11-10,A,5,上方10%以内に抵抗線なし,1380.0,1346.6,1268.7,"最も近い抵抗：1,437.0円（+4.1%・2回反落した価格帯）",1,5
14,4401,ＡＤＥＫＡ,75,36,2,値動き1 過熱1,,37.3,-27.1,12.3,62.0,14.4,12.22,2026-11-11,B,4,200日線の上0〜10% / 上方10%以内に抵抗線なし,4733.0,4568.8,4213.7,"最も近い抵抗：4,795.0円（+1.3%・2回反落した価格帯）",5,11
15,5331,ノリタケ,75,39,3,値動き1 下落幅1 過熱1,,39.1,-31.5,10.0,61.8,12.2,6.84,2026-11-05,B,4,200日線の上0〜10% / 上方10%以内に抵抗線なし,3785.0,3601.2,3440.2,"最も近い抵抗：4,115.2円（+8.7%・出来高集中帯）",10,8
16,6407,ＣＫＤ,74,37,4,値動き2 下落幅1 過熱1,,64.2,-39.8,12.6,64.4,21.2,28.35,2026-11-13,B,4,200日線の上0〜10% / 上方10%以内に抵抗線なし,6040.0,5300.2,5365.7,"最も近い抵抗：6,307.8円（+4.4%・出来高集中帯）",15,10
17,4631,ＤＩＣ,74,38,2,値動き1 過熱1,,35.6,-22.6,14.9,55.2,9.7,29.09,2026-11-12,B,4,200日線の上0〜10% / 上方10%以内に抵抗線なし,4976.0,4845.8,4329.1,"最も近い抵抗：5,374.0円（+8.0%・2回反落した価格帯）",4,9
18,3093,トレジャー・ファクトリー,73,40,3,流動性1 決算1 業績の質1,9/2 連結子会社で不正アクセスによる個人情報漏えい,33.6,-21.4,5.8,51.8,13.0,3.15,2026-10-14,D,5,2週間以内に決算なし,1975.0,1933.6,1866.8,"最も近い抵抗：2,188.0円（+10.8%・3回反落した価格帯）",9,14
19,9556,ＩＮＴＬＯＯＰ,72,46,6,値動き2 下落幅2 流動性1 業績の質1,直近四半期は純利益−29%。今期予想は幅を持たせた予想で、前期利益が低くPEGが極端に低く出ている,59.6,-65.6,1.8,57.5,9.6,2.08,不明,A,6,,2495.0,2346.9,2450.3,"最も近い抵抗：4,640.0円（+86.0%・2回反落した価格帯）",20,2
20,3186,ネクステージ,72,35,3,値動き1 下落幅1 決算1,,46.1,-34.1,-16.2,33.7,13.0,17.3,2026-10-05,D,2,200日線の上0〜10% / GC・5日線上向き / 2週間以内に決算なし / 陽線・押し戻し30%未満,2839.0,3019.5,3386.7,"最も近い抵抗：3,194.8円（+12.5%・出来高集中帯）",11,20
